Copyright 1986-2022 Xilinx, Inc. All Rights Reserved. Copyright 2022-2026 Advanced Micro Devices, Inc. All Rights Reserved.
------------------------------------------------------------------------------------------------------------------------------------------------------------------------------------------------------------------------------------------------------------
| Tool Version : Vivado v.2026.1 (lin64) Build 6511674 Tue Jun 16 11:01:26 MDT 2026
| Date         : Thu Sep 10 23:05:34 2026
| Host         : danyil-aspirea51541g running 64-bit Ubuntu 26.04.1 LTS
| Command      : report_timing_summary -max_paths 10 -routable_nets -report_unconstrained -file logic_func_plain_timing_summary_routed.rpt -pb logic_func_plain_timing_summary_routed.pb -rpx logic_func_plain_timing_summary_routed.rpx -warn_on_violation
| Design       : logic_func_plain
| Device       : 7a12ti-csg325
| Speed File   : -1L  PRODUCTION 1.23 2018-06-13
| Design State : Routed
------------------------------------------------------------------------------------------------------------------------------------------------------------------------------------------------------------------------------------------------------------

Timing Summary Report

------------------------------------------------------------------------------------------------
| Timer Settings
| --------------
------------------------------------------------------------------------------------------------

  Enable Multi Corner Analysis               :  Yes
  Enable Pessimism Removal                   :  Yes
  Pessimism Removal Resolution               :  Nearest Common Node
  Enable Input Delay Default Clock           :  No
  Enable Preset / Clear Arcs                 :  No
  Disable Flight Delays                      :  No
  Ignore I/O Paths                           :  No
  Timing Early Launch at Borrowing Latches   :  No
  Borrow Time for Max Delay Exceptions       :  Yes
  Merge Timing Exceptions                    :  Yes
  Inter-SLR Compensation                     :  Conservative

  Corner  Analyze    Analyze    
  Name    Max Paths  Min Paths  
  ------  ---------  ---------  
  Slow    Yes        Yes        
  Fast    Yes        Yes        


------------------------------------------------------------------------------------------------
| Report Methodology
| ------------------
------------------------------------------------------------------------------------------------

Rule       Severity  Description                    Violations  
---------  --------  -----------------------------  ----------  
DPIR-1     Warning   Asynchronous driver check      16          
TIMING-16  Warning   Large setup violation          16          
TIMING-18  Warning   Missing input or output delay  57          

Note: This report is based on the most recent report_methodology run and may not be up-to-date. Run report_methodology on the current design for the latest report.



check_timing report

Table of Contents
-----------------
1. checking no_clock (0)
2. checking constant_clock (0)
3. checking pulse_width_clock (0)
4. checking unconstrained_internal_endpoints (0)
5. checking no_input_delay (41)
6. checking no_output_delay (16)
7. checking multiple_clock (0)
8. checking generated_clocks (0)
9. checking loops (0)
10. checking partial_input_delay (0)
11. checking partial_output_delay (0)
12. checking latch_loops (0)

1. checking no_clock (0)
------------------------
 There are 0 register/latch pins with no clock.


2. checking constant_clock (0)
------------------------------
 There are 0 register/latch pins with constant_clock.


3. checking pulse_width_clock (0)
---------------------------------
 There are 0 register/latch pins which need pulse_width check


4. checking unconstrained_internal_endpoints (0)
------------------------------------------------
 There are 0 pins that are not constrained for maximum delay.

 There are 0 pins that are not constrained for maximum delay due to constant clock.


5. checking no_input_delay (41)
-------------------------------
 There are 41 input ports with no input delay specified. (HIGH)

 There are 0 input ports with no input delay but user has a false path constraint.


6. checking no_output_delay (16)
--------------------------------
 There are 16 ports with no output delay specified. (HIGH)

 There are 0 ports with no output delay but user has a false path constraint

 There are 0 ports with no output delay but with a timing clock defined on it or propagating through it


7. checking multiple_clock (0)
------------------------------
 There are 0 register/latch pins with multiple clocks.


8. checking generated_clocks (0)
--------------------------------
 There are 0 generated clocks that are not connected to a clock source.


9. checking loops (0)
---------------------
 There are 0 combinational loops in the design.


10. checking partial_input_delay (0)
------------------------------------
 There are 0 input ports with partial input delay specified.


11. checking partial_output_delay (0)
-------------------------------------
 There are 0 ports with partial output delay specified.


12. checking latch_loops (0)
----------------------------
 There are 0 combinational latch loops in the design through latch input



------------------------------------------------------------------------------------------------
| Design Timing Summary
| ---------------------
------------------------------------------------------------------------------------------------

    WNS(ns)      TNS(ns)  TNS Failing Endpoints  TNS Total Endpoints      WHS(ns)      THS(ns)  THS Failing Endpoints  THS Total Endpoints     WPWS(ns)     TPWS(ns)  TPWS Failing Endpoints  TPWS Total Endpoints  
    -------      -------  ---------------------  -------------------      -------      -------  ---------------------  -------------------     --------     --------  ----------------------  --------------------  
     -2.164      -34.312                     16                   16        0.280        0.000                      0                   16        2.000        0.000                       0                    57  


Timing constraints are not met.


------------------------------------------------------------------------------------------------
| Clock Summary
| -------------
------------------------------------------------------------------------------------------------

Clock    Waveform(ns)         Period(ns)      Frequency(MHz)
-----    ------------         ----------      --------------
sys_clk  {0.000 2.500}        5.000           200.000         


------------------------------------------------------------------------------------------------
| Intra Clock Table
| -----------------
------------------------------------------------------------------------------------------------

Clock             WNS(ns)      TNS(ns)  TNS Failing Endpoints  TNS Total Endpoints      WHS(ns)      THS(ns)  THS Failing Endpoints  THS Total Endpoints     WPWS(ns)     TPWS(ns)  TPWS Failing Endpoints  TPWS Total Endpoints  
-----             -------      -------  ---------------------  -------------------      -------      -------  ---------------------  -------------------     --------     --------  ----------------------  --------------------  
sys_clk            -2.164      -34.312                     16                   16        0.280        0.000                      0                   16        2.000        0.000                       0                    57  


------------------------------------------------------------------------------------------------
| Inter Clock Table
| -----------------
------------------------------------------------------------------------------------------------

From Clock    To Clock          WNS(ns)      TNS(ns)  TNS Failing Endpoints  TNS Total Endpoints      WHS(ns)      THS(ns)  THS Failing Endpoints  THS Total Endpoints  
----------    --------          -------      -------  ---------------------  -------------------      -------      -------  ---------------------  -------------------  


------------------------------------------------------------------------------------------------
| Other Path Groups Table
| -----------------------
------------------------------------------------------------------------------------------------

Path Group    From Clock    To Clock          WNS(ns)      TNS(ns)  TNS Failing Endpoints  TNS Total Endpoints      WHS(ns)      THS(ns)  THS Failing Endpoints  THS Total Endpoints  
----------    ----------    --------          -------      -------  ---------------------  -------------------      -------      -------  ---------------------  -------------------  


------------------------------------------------------------------------------------------------
| User Ignored Path Table
| -----------------------
------------------------------------------------------------------------------------------------

Path Group    From Clock    To Clock    
----------    ----------    --------    


------------------------------------------------------------------------------------------------
| Unconstrained Path Table
| ------------------------
------------------------------------------------------------------------------------------------

Path Group    From Clock    To Clock    
----------    ----------    --------    
(none)        sys_clk                     
(none)                      sys_clk       


------------------------------------------------------------------------------------------------
| Timing Details
| --------------
------------------------------------------------------------------------------------------------


---------------------------------------------------------------------------------------------------
From Clock:  sys_clk
  To Clock:  sys_clk

Setup :           16  Failing Endpoints,  Worst Slack       -2.164ns,  Total Violation      -34.312ns
Hold  :            0  Failing Endpoints,  Worst Slack        0.280ns,  Total Violation        0.000ns
PW    :            0  Failing Endpoints,  Worst Slack        2.000ns,  Total Violation        0.000ns
---------------------------------------------------------------------------------------------------


Max Delay Paths
--------------------------------------------------------------------------------------
Slack (VIOLATED) :        -2.164ns  (required time - arrival time)
  Source:                 c_reg_reg[0]/C
                            (rising edge-triggered cell FDCE clocked by sys_clk  {rise@0.000ns fall@2.500ns period=5.000ns})
  Destination:            result_reg[0]/D
                            (rising edge-triggered cell FDCE clocked by sys_clk  {rise@0.000ns fall@2.500ns period=5.000ns})
  Path Group:             sys_clk
  Path Type:              Setup (Max at Slow Process Corner)
  Requirement:            5.000ns  (sys_clk rise@5.000ns - sys_clk rise@0.000ns)
  Data Path Delay:        7.124ns  (logic 5.380ns (75.517%)  route 1.744ns (24.483%))
  Logic Levels:           6  (CARRY4=3 DSP48E1=1 LUT2=2)
  Clock Path Skew:        -0.035ns (DCD - SCD + CPR)
    Destination Clock Delay (DCD):    4.199ns = ( 9.199 - 5.000 ) 
    Source Clock Delay      (SCD):    4.556ns
    Clock Pessimism Removal (CPR):    0.322ns
  Clock Uncertainty:      0.035ns  ((TSJ^2 + TIJ^2)^1/2 + DJ) / 2 + PE
    Total System Jitter     (TSJ):    0.071ns
    Total Input Jitter      (TIJ):    0.000ns
    Discrete Jitter          (DJ):    0.000ns
    Phase Error              (PE):    0.000ns

    Location             Delay type                Incr(ns)  Path(ns)    Netlist Resource(s)
  -------------------------------------------------------------------    -------------------
                         (clock sys_clk rise edge)    0.000     0.000 r  <hidden>
    P15                                               0.000     0.000 r  clk
                         net (fo=0)                   0.000     0.000    clk
    P15                  IBUF (Prop_ibuf_I_O)         0.951     0.951 r  clk_IBUF_inst/O
                         net (fo=1, routed)           1.966     2.916    clk_IBUF
    BUFGCTRL_X0Y0        BUFG (Prop_bufg_I_O)         0.096     3.012 r  clk_IBUF_BUFG_inst/O
                         net (fo=56, routed)          1.543     4.556    clk_IBUF_BUFG
    SLICE_X15Y26         FDCE                                         r  c_reg_reg[0]/C
  -------------------------------------------------------------------    -------------------
    SLICE_X15Y26         FDCE (Prop_fdce_C_Q)         0.456     5.012 r  c_reg_reg[0]/Q
                         net (fo=2, routed)           0.594     5.606    c_reg[0]
    SLICE_X12Y26         LUT2 (Prop_lut2_I0_O)        0.124     5.730 r  result1_i_11/O
                         net (fo=1, routed)           0.000     5.730    result1_i_11_n_0
    SLICE_X12Y26         CARRY4 (Prop_carry4_S[0]_CO[3])
                                                      0.513     6.243 r  result1_i_3/CO[3]
                         net (fo=1, routed)           0.000     6.243    result1_i_3_n_0
    SLICE_X12Y27         CARRY4 (Prop_carry4_CI_CO[3])
                                                      0.117     6.360 r  result1_i_2/CO[3]
                         net (fo=1, routed)           0.000     6.360    result1_i_2_n_0
    SLICE_X12Y28         CARRY4 (Prop_carry4_CI_O[0])
                                                      0.219     6.579 r  result1_i_1/O[0]
                         net (fo=8, routed)           0.655     7.233    B[15]
    DSP48_X0Y10          DSP48E1 (Prop_dsp48e1_B[9]_P[0])
                                                      3.827    11.060 r  result1/P[0]
                         net (fo=1, routed)           0.496    11.556    result1_n_105
    SLICE_X11Y26         LUT2 (Prop_lut2_I1_O)        0.124    11.680 r  result[0]_i_1/O
                         net (fo=1, routed)           0.000    11.680    result[0]_i_1_n_0
    SLICE_X11Y26         FDCE                                         r  result_reg[0]/D
  -------------------------------------------------------------------    -------------------

                         (clock sys_clk rise edge)    5.000     5.000 r  <hidden>
    P15                                               0.000     5.000 r  clk
                         net (fo=0)                   0.000     5.000    clk
    P15                  IBUF (Prop_ibuf_I_O)         0.817     5.817 r  clk_IBUF_inst/O
                         net (fo=1, routed)           1.862     7.679    clk_IBUF
    BUFGCTRL_X0Y0        BUFG (Prop_bufg_I_O)         0.091     7.770 r  clk_IBUF_BUFG_inst/O
                         net (fo=56, routed)          1.428     9.199    clk_IBUF_BUFG
    SLICE_X11Y26         FDCE                                         r  result_reg[0]/C
                         clock pessimism              0.322     9.521    <hidden>
                         clock uncertainty           -0.035     9.485    <hidden>
    SLICE_X11Y26         FDCE (Setup_fdce_C_D)        0.031     9.516    result_reg[0]
  -------------------------------------------------------------------
                         required time                          9.516    <hidden>
                         arrival time                         -11.680    <hidden>
  -------------------------------------------------------------------
                         slack                                 -2.164    <hidden>

Slack (VIOLATED) :        -2.163ns  (required time - arrival time)
  Source:                 c_reg_reg[0]/C
                            (rising edge-triggered cell FDCE clocked by sys_clk  {rise@0.000ns fall@2.500ns period=5.000ns})
  Destination:            result_reg[4]/D
                            (rising edge-triggered cell FDCE clocked by sys_clk  {rise@0.000ns fall@2.500ns period=5.000ns})
  Path Group:             sys_clk
  Path Type:              Setup (Max at Slow Process Corner)
  Requirement:            5.000ns  (sys_clk rise@5.000ns - sys_clk rise@0.000ns)
  Data Path Delay:        7.124ns  (logic 5.380ns (75.517%)  route 1.744ns (24.483%))
  Logic Levels:           6  (CARRY4=3 DSP48E1=1 LUT2=2)
  Clock Path Skew:        -0.034ns (DCD - SCD + CPR)
    Destination Clock Delay (DCD):    4.200ns = ( 9.200 - 5.000 ) 
    Source Clock Delay      (SCD):    4.556ns
    Clock Pessimism Removal (CPR):    0.322ns
  Clock Uncertainty:      0.035ns  ((TSJ^2 + TIJ^2)^1/2 + DJ) / 2 + PE
    Total System Jitter     (TSJ):    0.071ns
    Total Input Jitter      (TIJ):    0.000ns
    Discrete Jitter          (DJ):    0.000ns
    Phase Error              (PE):    0.000ns

    Location             Delay type                Incr(ns)  Path(ns)    Netlist Resource(s)
  -------------------------------------------------------------------    -------------------
                         (clock sys_clk rise edge)    0.000     0.000 r  <hidden>
    P15                                               0.000     0.000 r  clk
                         net (fo=0)                   0.000     0.000    clk
    P15                  IBUF (Prop_ibuf_I_O)         0.951     0.951 r  clk_IBUF_inst/O
                         net (fo=1, routed)           1.966     2.916    clk_IBUF
    BUFGCTRL_X0Y0        BUFG (Prop_bufg_I_O)         0.096     3.012 r  clk_IBUF_BUFG_inst/O
                         net (fo=56, routed)          1.543     4.556    clk_IBUF_BUFG
    SLICE_X15Y26         FDCE                                         r  c_reg_reg[0]/C
  -------------------------------------------------------------------    -------------------
    SLICE_X15Y26         FDCE (Prop_fdce_C_Q)         0.456     5.012 r  c_reg_reg[0]/Q
                         net (fo=2, routed)           0.594     5.606    c_reg[0]
    SLICE_X12Y26         LUT2 (Prop_lut2_I0_O)        0.124     5.730 r  result1_i_11/O
                         net (fo=1, routed)           0.000     5.730    result1_i_11_n_0
    SLICE_X12Y26         CARRY4 (Prop_carry4_S[0]_CO[3])
                                                      0.513     6.243 r  result1_i_3/CO[3]
                         net (fo=1, routed)           0.000     6.243    result1_i_3_n_0
    SLICE_X12Y27         CARRY4 (Prop_carry4_CI_CO[3])
                                                      0.117     6.360 r  result1_i_2/CO[3]
                         net (fo=1, routed)           0.000     6.360    result1_i_2_n_0
    SLICE_X12Y28         CARRY4 (Prop_carry4_CI_O[0])
                                                      0.219     6.579 r  result1_i_1/O[0]
                         net (fo=8, routed)           0.655     7.233    B[15]
    DSP48_X0Y10          DSP48E1 (Prop_dsp48e1_B[9]_P[4])
                                                      3.827    11.060 r  result1/P[4]
                         net (fo=1, routed)           0.496    11.556    result1_n_101
    SLICE_X11Y27         LUT2 (Prop_lut2_I1_O)        0.124    11.680 r  result[4]_i_1/O
                         net (fo=1, routed)           0.000    11.680    result[4]_i_1_n_0
    SLICE_X11Y27         FDCE                                         r  result_reg[4]/D
  -------------------------------------------------------------------    -------------------

                         (clock sys_clk rise edge)    5.000     5.000 r  <hidden>
    P15                                               0.000     5.000 r  clk
                         net (fo=0)                   0.000     5.000    clk
    P15                  IBUF (Prop_ibuf_I_O)         0.817     5.817 r  clk_IBUF_inst/O
                         net (fo=1, routed)           1.862     7.679    clk_IBUF
    BUFGCTRL_X0Y0        BUFG (Prop_bufg_I_O)         0.091     7.770 r  clk_IBUF_BUFG_inst/O
                         net (fo=56, routed)          1.429     9.200    clk_IBUF_BUFG
    SLICE_X11Y27         FDCE                                         r  result_reg[4]/C
                         clock pessimism              0.322     9.522    <hidden>
                         clock uncertainty           -0.035     9.486    <hidden>
    SLICE_X11Y27         FDCE (Setup_fdce_C_D)        0.031     9.517    result_reg[4]
  -------------------------------------------------------------------
                         required time                          9.517    <hidden>
                         arrival time                         -11.680    <hidden>
  -------------------------------------------------------------------
                         slack                                 -2.163    <hidden>

Slack (VIOLATED) :        -2.162ns  (required time - arrival time)
  Source:                 c_reg_reg[0]/C
                            (rising edge-triggered cell FDCE clocked by sys_clk  {rise@0.000ns fall@2.500ns period=5.000ns})
  Destination:            result_reg[3]/D
                            (rising edge-triggered cell FDCE clocked by sys_clk  {rise@0.000ns fall@2.500ns period=5.000ns})
  Path Group:             sys_clk
  Path Type:              Setup (Max at Slow Process Corner)
  Requirement:            5.000ns  (sys_clk rise@5.000ns - sys_clk rise@0.000ns)
  Data Path Delay:        7.135ns  (logic 5.380ns (75.402%)  route 1.755ns (24.598%))
  Logic Levels:           6  (CARRY4=3 DSP48E1=1 LUT2=2)
  Clock Path Skew:        -0.024ns (DCD - SCD + CPR)
    Destination Clock Delay (DCD):    4.196ns = ( 9.196 - 5.000 ) 
    Source Clock Delay      (SCD):    4.556ns
    Clock Pessimism Removal (CPR):    0.336ns
  Clock Uncertainty:      0.035ns  ((TSJ^2 + TIJ^2)^1/2 + DJ) / 2 + PE
    Total System Jitter     (TSJ):    0.071ns
    Total Input Jitter      (TIJ):    0.000ns
    Discrete Jitter          (DJ):    0.000ns
    Phase Error              (PE):    0.000ns

    Location             Delay type                Incr(ns)  Path(ns)    Netlist Resource(s)
  -------------------------------------------------------------------    -------------------
                         (clock sys_clk rise edge)    0.000     0.000 r  <hidden>
    P15                                               0.000     0.000 r  clk
                         net (fo=0)                   0.000     0.000    clk
    P15                  IBUF (Prop_ibuf_I_O)         0.951     0.951 r  clk_IBUF_inst/O
                         net (fo=1, routed)           1.966     2.916    clk_IBUF
    BUFGCTRL_X0Y0        BUFG (Prop_bufg_I_O)         0.096     3.012 r  clk_IBUF_BUFG_inst/O
                         net (fo=56, routed)          1.543     4.556    clk_IBUF_BUFG
    SLICE_X15Y26         FDCE                                         r  c_reg_reg[0]/C
  -------------------------------------------------------------------    -------------------
    SLICE_X15Y26         FDCE (Prop_fdce_C_Q)         0.456     5.012 r  c_reg_reg[0]/Q
                         net (fo=2, routed)           0.594     5.606    c_reg[0]
    SLICE_X12Y26         LUT2 (Prop_lut2_I0_O)        0.124     5.730 r  result1_i_11/O
                         net (fo=1, routed)           0.000     5.730    result1_i_11_n_0
    SLICE_X12Y26         CARRY4 (Prop_carry4_S[0]_CO[3])
                                                      0.513     6.243 r  result1_i_3/CO[3]
                         net (fo=1, routed)           0.000     6.243    result1_i_3_n_0
    SLICE_X12Y27         CARRY4 (Prop_carry4_CI_CO[3])
                                                      0.117     6.360 r  result1_i_2/CO[3]
                         net (fo=1, routed)           0.000     6.360    result1_i_2_n_0
    SLICE_X12Y28         CARRY4 (Prop_carry4_CI_O[0])
                                                      0.219     6.579 r  result1_i_1/O[0]
                         net (fo=8, routed)           0.655     7.233    B[15]
    DSP48_X0Y10          DSP48E1 (Prop_dsp48e1_B[9]_P[3])
                                                      3.827    11.060 r  result1/P[3]
                         net (fo=1, routed)           0.506    11.567    result1_n_102
    SLICE_X13Y25         LUT2 (Prop_lut2_I1_O)        0.124    11.691 r  result[3]_i_1/O
                         net (fo=1, routed)           0.000    11.691    result[3]_i_1_n_0
    SLICE_X13Y25         FDCE                                         r  result_reg[3]/D
  -------------------------------------------------------------------    -------------------

                         (clock sys_clk rise edge)    5.000     5.000 r  <hidden>
    P15                                               0.000     5.000 r  clk
                         net (fo=0)                   0.000     5.000    clk
    P15                  IBUF (Prop_ibuf_I_O)         0.817     5.817 r  clk_IBUF_inst/O
                         net (fo=1, routed)           1.862     7.679    clk_IBUF
    BUFGCTRL_X0Y0        BUFG (Prop_bufg_I_O)         0.091     7.770 r  clk_IBUF_BUFG_inst/O
                         net (fo=56, routed)          1.425     9.196    clk_IBUF_BUFG
    SLICE_X13Y25         FDCE                                         r  result_reg[3]/C
                         clock pessimism              0.336     9.532    <hidden>
                         clock uncertainty           -0.035     9.496    <hidden>
    SLICE_X13Y25         FDCE (Setup_fdce_C_D)        0.032     9.528    result_reg[3]
  -------------------------------------------------------------------
                         required time                          9.528    <hidden>
                         arrival time                         -11.691    <hidden>
  -------------------------------------------------------------------
                         slack                                 -2.162    <hidden>

Slack (VIOLATED) :        -2.157ns  (required time - arrival time)
  Source:                 c_reg_reg[0]/C
                            (rising edge-triggered cell FDCE clocked by sys_clk  {rise@0.000ns fall@2.500ns period=5.000ns})
  Destination:            result_reg[2]/D
                            (rising edge-triggered cell FDCE clocked by sys_clk  {rise@0.000ns fall@2.500ns period=5.000ns})
  Path Group:             sys_clk
  Path Type:              Setup (Max at Slow Process Corner)
  Requirement:            5.000ns  (sys_clk rise@5.000ns - sys_clk rise@0.000ns)
  Data Path Delay:        7.129ns  (logic 5.380ns (75.470%)  route 1.749ns (24.530%))
  Logic Levels:           6  (CARRY4=3 DSP48E1=1 LUT2=2)
  Clock Path Skew:        -0.024ns (DCD - SCD + CPR)
    Destination Clock Delay (DCD):    4.196ns = ( 9.196 - 5.000 ) 
    Source Clock Delay      (SCD):    4.556ns
    Clock Pessimism Removal (CPR):    0.336ns
  Clock Uncertainty:      0.035ns  ((TSJ^2 + TIJ^2)^1/2 + DJ) / 2 + PE
    Total System Jitter     (TSJ):    0.071ns
    Total Input Jitter      (TIJ):    0.000ns
    Discrete Jitter          (DJ):    0.000ns
    Phase Error              (PE):    0.000ns

    Location             Delay type                Incr(ns)  Path(ns)    Netlist Resource(s)
  -------------------------------------------------------------------    -------------------
                         (clock sys_clk rise edge)    0.000     0.000 r  <hidden>
    P15                                               0.000     0.000 r  clk
                         net (fo=0)                   0.000     0.000    clk
    P15                  IBUF (Prop_ibuf_I_O)         0.951     0.951 r  clk_IBUF_inst/O
                         net (fo=1, routed)           1.966     2.916    clk_IBUF
    BUFGCTRL_X0Y0        BUFG (Prop_bufg_I_O)         0.096     3.012 r  clk_IBUF_BUFG_inst/O
                         net (fo=56, routed)          1.543     4.556    clk_IBUF_BUFG
    SLICE_X15Y26         FDCE                                         r  c_reg_reg[0]/C
  -------------------------------------------------------------------    -------------------
    SLICE_X15Y26         FDCE (Prop_fdce_C_Q)         0.456     5.012 r  c_reg_reg[0]/Q
                         net (fo=2, routed)           0.594     5.606    c_reg[0]
    SLICE_X12Y26         LUT2 (Prop_lut2_I0_O)        0.124     5.730 r  result1_i_11/O
                         net (fo=1, routed)           0.000     5.730    result1_i_11_n_0
    SLICE_X12Y26         CARRY4 (Prop_carry4_S[0]_CO[3])
                                                      0.513     6.243 r  result1_i_3/CO[3]
                         net (fo=1, routed)           0.000     6.243    result1_i_3_n_0
    SLICE_X12Y27         CARRY4 (Prop_carry4_CI_CO[3])
                                                      0.117     6.360 r  result1_i_2/CO[3]
                         net (fo=1, routed)           0.000     6.360    result1_i_2_n_0
    SLICE_X12Y28         CARRY4 (Prop_carry4_CI_O[0])
                                                      0.219     6.579 r  result1_i_1/O[0]
                         net (fo=8, routed)           0.655     7.233    B[15]
    DSP48_X0Y10          DSP48E1 (Prop_dsp48e1_B[9]_P[2])
                                                      3.827    11.060 r  result1/P[2]
                         net (fo=1, routed)           0.500    11.560    result1_n_103
    SLICE_X13Y25         LUT2 (Prop_lut2_I1_O)        0.124    11.684 r  result[2]_i_1/O
                         net (fo=1, routed)           0.000    11.684    result[2]_i_1_n_0
    SLICE_X13Y25         FDCE                                         r  result_reg[2]/D
  -------------------------------------------------------------------    -------------------

                         (clock sys_clk rise edge)    5.000     5.000 r  <hidden>
    P15                                               0.000     5.000 r  clk
                         net (fo=0)                   0.000     5.000    clk
    P15                  IBUF (Prop_ibuf_I_O)         0.817     5.817 r  clk_IBUF_inst/O
                         net (fo=1, routed)           1.862     7.679    clk_IBUF
    BUFGCTRL_X0Y0        BUFG (Prop_bufg_I_O)         0.091     7.770 r  clk_IBUF_BUFG_inst/O
                         net (fo=56, routed)          1.425     9.196    clk_IBUF_BUFG
    SLICE_X13Y25         FDCE                                         r  result_reg[2]/C
                         clock pessimism              0.336     9.532    <hidden>
                         clock uncertainty           -0.035     9.496    <hidden>
    SLICE_X13Y25         FDCE (Setup_fdce_C_D)        0.031     9.527    result_reg[2]
  -------------------------------------------------------------------
                         required time                          9.527    <hidden>
                         arrival time                         -11.684    <hidden>
  -------------------------------------------------------------------
                         slack                                 -2.157    <hidden>

Slack (VIOLATED) :        -2.149ns  (required time - arrival time)
  Source:                 c_reg_reg[0]/C
                            (rising edge-triggered cell FDCE clocked by sys_clk  {rise@0.000ns fall@2.500ns period=5.000ns})
  Destination:            result_reg[10]/D
                            (rising edge-triggered cell FDCE clocked by sys_clk  {rise@0.000ns fall@2.500ns period=5.000ns})
  Path Group:             sys_clk
  Path Type:              Setup (Max at Slow Process Corner)
  Requirement:            5.000ns  (sys_clk rise@5.000ns - sys_clk rise@0.000ns)
  Data Path Delay:        7.036ns  (logic 5.256ns (74.701%)  route 1.780ns (25.299%))
  Logic Levels:           5  (CARRY4=3 DSP48E1=1 LUT2=1)
  Clock Path Skew:        -0.035ns (DCD - SCD + CPR)
    Destination Clock Delay (DCD):    4.199ns = ( 9.199 - 5.000 ) 
    Source Clock Delay      (SCD):    4.556ns
    Clock Pessimism Removal (CPR):    0.322ns
  Clock Uncertainty:      0.035ns  ((TSJ^2 + TIJ^2)^1/2 + DJ) / 2 + PE
    Total System Jitter     (TSJ):    0.071ns
    Total Input Jitter      (TIJ):    0.000ns
    Discrete Jitter          (DJ):    0.000ns
    Phase Error              (PE):    0.000ns

    Location             Delay type                Incr(ns)  Path(ns)    Netlist Resource(s)
  -------------------------------------------------------------------    -------------------
                         (clock sys_clk rise edge)    0.000     0.000 r  <hidden>
    P15                                               0.000     0.000 r  clk
                         net (fo=0)                   0.000     0.000    clk
    P15                  IBUF (Prop_ibuf_I_O)         0.951     0.951 r  clk_IBUF_inst/O
                         net (fo=1, routed)           1.966     2.916    clk_IBUF
    BUFGCTRL_X0Y0        BUFG (Prop_bufg_I_O)         0.096     3.012 r  clk_IBUF_BUFG_inst/O
                         net (fo=56, routed)          1.543     4.556    clk_IBUF_BUFG
    SLICE_X15Y26         FDCE                                         r  c_reg_reg[0]/C
  -------------------------------------------------------------------    -------------------
    SLICE_X15Y26         FDCE (Prop_fdce_C_Q)         0.456     5.012 r  c_reg_reg[0]/Q
                         net (fo=2, routed)           0.594     5.606    c_reg[0]
    SLICE_X12Y26         LUT2 (Prop_lut2_I0_O)        0.124     5.730 r  result1_i_11/O
                         net (fo=1, routed)           0.000     5.730    result1_i_11_n_0
    SLICE_X12Y26         CARRY4 (Prop_carry4_S[0]_CO[3])
                                                      0.513     6.243 r  result1_i_3/CO[3]
                         net (fo=1, routed)           0.000     6.243    result1_i_3_n_0
    SLICE_X12Y27         CARRY4 (Prop_carry4_CI_CO[3])
                                                      0.117     6.360 r  result1_i_2/CO[3]
                         net (fo=1, routed)           0.000     6.360    result1_i_2_n_0
    SLICE_X12Y28         CARRY4 (Prop_carry4_CI_O[0])
                                                      0.219     6.579 r  result1_i_1/O[0]
                         net (fo=8, routed)           0.655     7.233    B[15]
    DSP48_X0Y10          DSP48E1 (Prop_dsp48e1_B[9]_P[10])
                                                      3.827    11.060 r  result1/P[10]
                         net (fo=1, routed)           0.531    11.592    result1_n_95
    SLICE_X11Y26         FDCE                                         r  result_reg[10]/D
  -------------------------------------------------------------------    -------------------

                         (clock sys_clk rise edge)    5.000     5.000 r  <hidden>
    P15                                               0.000     5.000 r  clk
                         net (fo=0)                   0.000     5.000    clk
    P15                  IBUF (Prop_ibuf_I_O)         0.817     5.817 r  clk_IBUF_inst/O
                         net (fo=1, routed)           1.862     7.679    clk_IBUF
    BUFGCTRL_X0Y0        BUFG (Prop_bufg_I_O)         0.091     7.770 r  clk_IBUF_BUFG_inst/O
                         net (fo=56, routed)          1.428     9.199    clk_IBUF_BUFG
    SLICE_X11Y26         FDCE                                         r  result_reg[10]/C
                         clock pessimism              0.322     9.521    <hidden>
                         clock uncertainty           -0.035     9.485    <hidden>
    SLICE_X11Y26         FDCE (Setup_fdce_C_D)       -0.043     9.442    result_reg[10]
  -------------------------------------------------------------------
                         required time                          9.442    <hidden>
                         arrival time                         -11.592    <hidden>
  -------------------------------------------------------------------
                         slack                                 -2.149    <hidden>

Slack (VIOLATED) :        -2.148ns  (required time - arrival time)
  Source:                 c_reg_reg[0]/C
                            (rising edge-triggered cell FDCE clocked by sys_clk  {rise@0.000ns fall@2.500ns period=5.000ns})
  Destination:            result_reg[1]/D
                            (rising edge-triggered cell FDCE clocked by sys_clk  {rise@0.000ns fall@2.500ns period=5.000ns})
  Path Group:             sys_clk
  Path Type:              Setup (Max at Slow Process Corner)
  Requirement:            5.000ns  (sys_clk rise@5.000ns - sys_clk rise@0.000ns)
  Data Path Delay:        7.107ns  (logic 5.380ns (75.700%)  route 1.727ns (24.300%))
  Logic Levels:           6  (CARRY4=3 DSP48E1=1 LUT2=2)
  Clock Path Skew:        -0.037ns (DCD - SCD + CPR)
    Destination Clock Delay (DCD):    4.197ns = ( 9.197 - 5.000 ) 
    Source Clock Delay      (SCD):    4.556ns
    Clock Pessimism Removal (CPR):    0.322ns
  Clock Uncertainty:      0.035ns  ((TSJ^2 + TIJ^2)^1/2 + DJ) / 2 + PE
    Total System Jitter     (TSJ):    0.071ns
    Total Input Jitter      (TIJ):    0.000ns
    Discrete Jitter          (DJ):    0.000ns
    Phase Error              (PE):    0.000ns

    Location             Delay type                Incr(ns)  Path(ns)    Netlist Resource(s)
  -------------------------------------------------------------------    -------------------
                         (clock sys_clk rise edge)    0.000     0.000 r  <hidden>
    P15                                               0.000     0.000 r  clk
                         net (fo=0)                   0.000     0.000    clk
    P15                  IBUF (Prop_ibuf_I_O)         0.951     0.951 r  clk_IBUF_inst/O
                         net (fo=1, routed)           1.966     2.916    clk_IBUF
    BUFGCTRL_X0Y0        BUFG (Prop_bufg_I_O)         0.096     3.012 r  clk_IBUF_BUFG_inst/O
                         net (fo=56, routed)          1.543     4.556    clk_IBUF_BUFG
    SLICE_X15Y26         FDCE                                         r  c_reg_reg[0]/C
  -------------------------------------------------------------------    -------------------
    SLICE_X15Y26         FDCE (Prop_fdce_C_Q)         0.456     5.012 r  c_reg_reg[0]/Q
                         net (fo=2, routed)           0.594     5.606    c_reg[0]
    SLICE_X12Y26         LUT2 (Prop_lut2_I0_O)        0.124     5.730 r  result1_i_11/O
                         net (fo=1, routed)           0.000     5.730    result1_i_11_n_0
    SLICE_X12Y26         CARRY4 (Prop_carry4_S[0]_CO[3])
                                                      0.513     6.243 r  result1_i_3/CO[3]
                         net (fo=1, routed)           0.000     6.243    result1_i_3_n_0
    SLICE_X12Y27         CARRY4 (Prop_carry4_CI_CO[3])
                                                      0.117     6.360 r  result1_i_2/CO[3]
                         net (fo=1, routed)           0.000     6.360    result1_i_2_n_0
    SLICE_X12Y28         CARRY4 (Prop_carry4_CI_O[0])
                                                      0.219     6.579 r  result1_i_1/O[0]
                         net (fo=8, routed)           0.655     7.233    B[15]
    DSP48_X0Y10          DSP48E1 (Prop_dsp48e1_B[9]_P[1])
                                                      3.827    11.060 r  result1/P[1]
                         net (fo=1, routed)           0.478    11.539    result1_n_104
    SLICE_X11Y25         LUT2 (Prop_lut2_I1_O)        0.124    11.663 r  result[1]_i_1/O
                         net (fo=1, routed)           0.000    11.663    result[1]_i_1_n_0
    SLICE_X11Y25         FDCE                                         r  result_reg[1]/D
  -------------------------------------------------------------------    -------------------

                         (clock sys_clk rise edge)    5.000     5.000 r  <hidden>
    P15                                               0.000     5.000 r  clk
                         net (fo=0)                   0.000     5.000    clk
    P15                  IBUF (Prop_ibuf_I_O)         0.817     5.817 r  clk_IBUF_inst/O
                         net (fo=1, routed)           1.862     7.679    clk_IBUF
    BUFGCTRL_X0Y0        BUFG (Prop_bufg_I_O)         0.091     7.770 r  clk_IBUF_BUFG_inst/O
                         net (fo=56, routed)          1.426     9.197    clk_IBUF_BUFG
    SLICE_X11Y25         FDCE                                         r  result_reg[1]/C
                         clock pessimism              0.322     9.519    <hidden>
                         clock uncertainty           -0.035     9.483    <hidden>
    SLICE_X11Y25         FDCE (Setup_fdce_C_D)        0.031     9.514    result_reg[1]
  -------------------------------------------------------------------
                         required time                          9.514    <hidden>
                         arrival time                         -11.663    <hidden>
  -------------------------------------------------------------------
                         slack                                 -2.148    <hidden>

Slack (VIOLATED) :        -2.148ns  (required time - arrival time)
  Source:                 c_reg_reg[0]/C
                            (rising edge-triggered cell FDCE clocked by sys_clk  {rise@0.000ns fall@2.500ns period=5.000ns})
  Destination:            result_reg[6]/D
                            (rising edge-triggered cell FDCE clocked by sys_clk  {rise@0.000ns fall@2.500ns period=5.000ns})
  Path Group:             sys_clk
  Path Type:              Setup (Max at Slow Process Corner)
  Requirement:            5.000ns  (sys_clk rise@5.000ns - sys_clk rise@0.000ns)
  Data Path Delay:        7.110ns  (logic 5.380ns (75.668%)  route 1.730ns (24.332%))
  Logic Levels:           6  (CARRY4=3 DSP48E1=1 LUT2=2)
  Clock Path Skew:        -0.035ns (DCD - SCD + CPR)
    Destination Clock Delay (DCD):    4.199ns = ( 9.199 - 5.000 ) 
    Source Clock Delay      (SCD):    4.556ns
    Clock Pessimism Removal (CPR):    0.322ns
  Clock Uncertainty:      0.035ns  ((TSJ^2 + TIJ^2)^1/2 + DJ) / 2 + PE
    Total System Jitter     (TSJ):    0.071ns
    Total Input Jitter      (TIJ):    0.000ns
    Discrete Jitter          (DJ):    0.000ns
    Phase Error              (PE):    0.000ns

    Location             Delay type                Incr(ns)  Path(ns)    Netlist Resource(s)
  -------------------------------------------------------------------    -------------------
                         (clock sys_clk rise edge)    0.000     0.000 r  <hidden>
    P15                                               0.000     0.000 r  clk
                         net (fo=0)                   0.000     0.000    clk
    P15                  IBUF (Prop_ibuf_I_O)         0.951     0.951 r  clk_IBUF_inst/O
                         net (fo=1, routed)           1.966     2.916    clk_IBUF
    BUFGCTRL_X0Y0        BUFG (Prop_bufg_I_O)         0.096     3.012 r  clk_IBUF_BUFG_inst/O
                         net (fo=56, routed)          1.543     4.556    clk_IBUF_BUFG
    SLICE_X15Y26         FDCE                                         r  c_reg_reg[0]/C
  -------------------------------------------------------------------    -------------------
    SLICE_X15Y26         FDCE (Prop_fdce_C_Q)         0.456     5.012 r  c_reg_reg[0]/Q
                         net (fo=2, routed)           0.594     5.606    c_reg[0]
    SLICE_X12Y26         LUT2 (Prop_lut2_I0_O)        0.124     5.730 r  result1_i_11/O
                         net (fo=1, routed)           0.000     5.730    result1_i_11_n_0
    SLICE_X12Y26         CARRY4 (Prop_carry4_S[0]_CO[3])
                                                      0.513     6.243 r  result1_i_3/CO[3]
                         net (fo=1, routed)           0.000     6.243    result1_i_3_n_0
    SLICE_X12Y27         CARRY4 (Prop_carry4_CI_CO[3])
                                                      0.117     6.360 r  result1_i_2/CO[3]
                         net (fo=1, routed)           0.000     6.360    result1_i_2_n_0
    SLICE_X12Y28         CARRY4 (Prop_carry4_CI_O[0])
                                                      0.219     6.579 r  result1_i_1/O[0]
                         net (fo=8, routed)           0.655     7.233    B[15]
    DSP48_X0Y10          DSP48E1 (Prop_dsp48e1_B[9]_P[6])
                                                      3.827    11.060 r  result1/P[6]
                         net (fo=1, routed)           0.481    11.542    result1_n_99
    SLICE_X11Y26         LUT2 (Prop_lut2_I1_O)        0.124    11.666 r  result[6]_i_1/O
                         net (fo=1, routed)           0.000    11.666    result[6]_i_1_n_0
    SLICE_X11Y26         FDCE                                         r  result_reg[6]/D
  -------------------------------------------------------------------    -------------------

                         (clock sys_clk rise edge)    5.000     5.000 r  <hidden>
    P15                                               0.000     5.000 r  clk
                         net (fo=0)                   0.000     5.000    clk
    P15                  IBUF (Prop_ibuf_I_O)         0.817     5.817 r  clk_IBUF_inst/O
                         net (fo=1, routed)           1.862     7.679    clk_IBUF
    BUFGCTRL_X0Y0        BUFG (Prop_bufg_I_O)         0.091     7.770 r  clk_IBUF_BUFG_inst/O
                         net (fo=56, routed)          1.428     9.199    clk_IBUF_BUFG
    SLICE_X11Y26         FDCE                                         r  result_reg[6]/C
                         clock pessimism              0.322     9.521    <hidden>
                         clock uncertainty           -0.035     9.485    <hidden>
    SLICE_X11Y26         FDCE (Setup_fdce_C_D)        0.032     9.517    result_reg[6]
  -------------------------------------------------------------------
                         required time                          9.517    <hidden>
                         arrival time                         -11.666    <hidden>
  -------------------------------------------------------------------
                         slack                                 -2.148    <hidden>

Slack (VIOLATED) :        -2.145ns  (required time - arrival time)
  Source:                 c_reg_reg[0]/C
                            (rising edge-triggered cell FDCE clocked by sys_clk  {rise@0.000ns fall@2.500ns period=5.000ns})
  Destination:            result_reg[14]/D
                            (rising edge-triggered cell FDCE clocked by sys_clk  {rise@0.000ns fall@2.500ns period=5.000ns})
  Path Group:             sys_clk
  Path Type:              Setup (Max at Slow Process Corner)
  Requirement:            5.000ns  (sys_clk rise@5.000ns - sys_clk rise@0.000ns)
  Data Path Delay:        6.986ns  (logic 5.256ns (75.237%)  route 1.730ns (24.764%))
  Logic Levels:           5  (CARRY4=3 DSP48E1=1 LUT2=1)
  Clock Path Skew:        -0.032ns (DCD - SCD + CPR)
    Destination Clock Delay (DCD):    4.202ns = ( 9.202 - 5.000 ) 
    Source Clock Delay      (SCD):    4.556ns
    Clock Pessimism Removal (CPR):    0.322ns
  Clock Uncertainty:      0.035ns  ((TSJ^2 + TIJ^2)^1/2 + DJ) / 2 + PE
    Total System Jitter     (TSJ):    0.071ns
    Total Input Jitter      (TIJ):    0.000ns
    Discrete Jitter          (DJ):    0.000ns
    Phase Error              (PE):    0.000ns

    Location             Delay type                Incr(ns)  Path(ns)    Netlist Resource(s)
  -------------------------------------------------------------------    -------------------
                         (clock sys_clk rise edge)    0.000     0.000 r  <hidden>
    P15                                               0.000     0.000 r  clk
                         net (fo=0)                   0.000     0.000    clk
    P15                  IBUF (Prop_ibuf_I_O)         0.951     0.951 r  clk_IBUF_inst/O
                         net (fo=1, routed)           1.966     2.916    clk_IBUF
    BUFGCTRL_X0Y0        BUFG (Prop_bufg_I_O)         0.096     3.012 r  clk_IBUF_BUFG_inst/O
                         net (fo=56, routed)          1.543     4.556    clk_IBUF_BUFG
    SLICE_X15Y26         FDCE                                         r  c_reg_reg[0]/C
  -------------------------------------------------------------------    -------------------
    SLICE_X15Y26         FDCE (Prop_fdce_C_Q)         0.456     5.012 r  c_reg_reg[0]/Q
                         net (fo=2, routed)           0.594     5.606    c_reg[0]
    SLICE_X12Y26         LUT2 (Prop_lut2_I0_O)        0.124     5.730 r  result1_i_11/O
                         net (fo=1, routed)           0.000     5.730    result1_i_11_n_0
    SLICE_X12Y26         CARRY4 (Prop_carry4_S[0]_CO[3])
                                                      0.513     6.243 r  result1_i_3/CO[3]
                         net (fo=1, routed)           0.000     6.243    result1_i_3_n_0
    SLICE_X12Y27         CARRY4 (Prop_carry4_CI_CO[3])
                                                      0.117     6.360 r  result1_i_2/CO[3]
                         net (fo=1, routed)           0.000     6.360    result1_i_2_n_0
    SLICE_X12Y28         CARRY4 (Prop_carry4_CI_O[0])
                                                      0.219     6.579 r  result1_i_1/O[0]
                         net (fo=8, routed)           0.655     7.233    B[15]
    DSP48_X0Y10          DSP48E1 (Prop_dsp48e1_B[9]_P[14])
                                                      3.827    11.060 r  result1/P[14]
                         net (fo=1, routed)           0.481    11.542    result1_n_91
    SLICE_X11Y28         FDCE                                         r  result_reg[14]/D
  -------------------------------------------------------------------    -------------------

                         (clock sys_clk rise edge)    5.000     5.000 r  <hidden>
    P15                                               0.000     5.000 r  clk
                         net (fo=0)                   0.000     5.000    clk
    P15                  IBUF (Prop_ibuf_I_O)         0.817     5.817 r  clk_IBUF_inst/O
                         net (fo=1, routed)           1.862     7.679    clk_IBUF
    BUFGCTRL_X0Y0        BUFG (Prop_bufg_I_O)         0.091     7.770 r  clk_IBUF_BUFG_inst/O
                         net (fo=56, routed)          1.431     9.202    clk_IBUF_BUFG
    SLICE_X11Y28         FDCE                                         r  result_reg[14]/C
                         clock pessimism              0.322     9.524    <hidden>
                         clock uncertainty           -0.035     9.488    <hidden>
    SLICE_X11Y28         FDCE (Setup_fdce_C_D)       -0.092     9.396    result_reg[14]
  -------------------------------------------------------------------
                         required time                          9.396    <hidden>
                         arrival time                         -11.542    <hidden>
  -------------------------------------------------------------------
                         slack                                 -2.145    <hidden>

Slack (VIOLATED) :        -2.145ns  (required time - arrival time)
  Source:                 c_reg_reg[0]/C
                            (rising edge-triggered cell FDCE clocked by sys_clk  {rise@0.000ns fall@2.500ns period=5.000ns})
  Destination:            result_reg[7]/D
                            (rising edge-triggered cell FDCE clocked by sys_clk  {rise@0.000ns fall@2.500ns period=5.000ns})
  Path Group:             sys_clk
  Path Type:              Setup (Max at Slow Process Corner)
  Requirement:            5.000ns  (sys_clk rise@5.000ns - sys_clk rise@0.000ns)
  Data Path Delay:        7.106ns  (logic 5.380ns (75.711%)  route 1.726ns (24.289%))
  Logic Levels:           6  (CARRY4=3 DSP48E1=1 LUT2=2)
  Clock Path Skew:        -0.035ns (DCD - SCD + CPR)
    Destination Clock Delay (DCD):    4.199ns = ( 9.199 - 5.000 ) 
    Source Clock Delay      (SCD):    4.556ns
    Clock Pessimism Removal (CPR):    0.322ns
  Clock Uncertainty:      0.035ns  ((TSJ^2 + TIJ^2)^1/2 + DJ) / 2 + PE
    Total System Jitter     (TSJ):    0.071ns
    Total Input Jitter      (TIJ):    0.000ns
    Discrete Jitter          (DJ):    0.000ns
    Phase Error              (PE):    0.000ns

    Location             Delay type                Incr(ns)  Path(ns)    Netlist Resource(s)
  -------------------------------------------------------------------    -------------------
                         (clock sys_clk rise edge)    0.000     0.000 r  <hidden>
    P15                                               0.000     0.000 r  clk
                         net (fo=0)                   0.000     0.000    clk
    P15                  IBUF (Prop_ibuf_I_O)         0.951     0.951 r  clk_IBUF_inst/O
                         net (fo=1, routed)           1.966     2.916    clk_IBUF
    BUFGCTRL_X0Y0        BUFG (Prop_bufg_I_O)         0.096     3.012 r  clk_IBUF_BUFG_inst/O
                         net (fo=56, routed)          1.543     4.556    clk_IBUF_BUFG
    SLICE_X15Y26         FDCE                                         r  c_reg_reg[0]/C
  -------------------------------------------------------------------    -------------------
    SLICE_X15Y26         FDCE (Prop_fdce_C_Q)         0.456     5.012 r  c_reg_reg[0]/Q
                         net (fo=2, routed)           0.594     5.606    c_reg[0]
    SLICE_X12Y26         LUT2 (Prop_lut2_I0_O)        0.124     5.730 r  result1_i_11/O
                         net (fo=1, routed)           0.000     5.730    result1_i_11_n_0
    SLICE_X12Y26         CARRY4 (Prop_carry4_S[0]_CO[3])
                                                      0.513     6.243 r  result1_i_3/CO[3]
                         net (fo=1, routed)           0.000     6.243    result1_i_3_n_0
    SLICE_X12Y27         CARRY4 (Prop_carry4_CI_CO[3])
                                                      0.117     6.360 r  result1_i_2/CO[3]
                         net (fo=1, routed)           0.000     6.360    result1_i_2_n_0
    SLICE_X12Y28         CARRY4 (Prop_carry4_CI_O[0])
                                                      0.219     6.579 r  result1_i_1/O[0]
                         net (fo=8, routed)           0.655     7.233    B[15]
    DSP48_X0Y10          DSP48E1 (Prop_dsp48e1_B[9]_P[7])
                                                      3.827    11.060 r  result1/P[7]
                         net (fo=1, routed)           0.477    11.538    result1_n_98
    SLICE_X11Y26         LUT2 (Prop_lut2_I1_O)        0.124    11.662 r  result[7]_i_1/O
                         net (fo=1, routed)           0.000    11.662    result[7]_i_1_n_0
    SLICE_X11Y26         FDCE                                         r  result_reg[7]/D
  -------------------------------------------------------------------    -------------------

                         (clock sys_clk rise edge)    5.000     5.000 r  <hidden>
    P15                                               0.000     5.000 r  clk
                         net (fo=0)                   0.000     5.000    clk
    P15                  IBUF (Prop_ibuf_I_O)         0.817     5.817 r  clk_IBUF_inst/O
                         net (fo=1, routed)           1.862     7.679    clk_IBUF
    BUFGCTRL_X0Y0        BUFG (Prop_bufg_I_O)         0.091     7.770 r  clk_IBUF_BUFG_inst/O
                         net (fo=56, routed)          1.428     9.199    clk_IBUF_BUFG
    SLICE_X11Y26         FDCE                                         r  result_reg[7]/C
                         clock pessimism              0.322     9.521    <hidden>
                         clock uncertainty           -0.035     9.485    <hidden>
    SLICE_X11Y26         FDCE (Setup_fdce_C_D)        0.031     9.516    result_reg[7]
  -------------------------------------------------------------------
                         required time                          9.516    <hidden>
                         arrival time                         -11.662    <hidden>
  -------------------------------------------------------------------
                         slack                                 -2.145    <hidden>

Slack (VIOLATED) :        -2.142ns  (required time - arrival time)
  Source:                 c_reg_reg[0]/C
                            (rising edge-triggered cell FDCE clocked by sys_clk  {rise@0.000ns fall@2.500ns period=5.000ns})
  Destination:            result_reg[15]/D
                            (rising edge-triggered cell FDCE clocked by sys_clk  {rise@0.000ns fall@2.500ns period=5.000ns})
  Path Group:             sys_clk
  Path Type:              Setup (Max at Slow Process Corner)
  Requirement:            5.000ns  (sys_clk rise@5.000ns - sys_clk rise@0.000ns)
  Data Path Delay:        6.982ns  (logic 5.256ns (75.280%)  route 1.726ns (24.720%))
  Logic Levels:           5  (CARRY4=3 DSP48E1=1 LUT2=1)
  Clock Path Skew:        -0.032ns (DCD - SCD + CPR)
    Destination Clock Delay (DCD):    4.202ns = ( 9.202 - 5.000 ) 
    Source Clock Delay      (SCD):    4.556ns
    Clock Pessimism Removal (CPR):    0.322ns
  Clock Uncertainty:      0.035ns  ((TSJ^2 + TIJ^2)^1/2 + DJ) / 2 + PE
    Total System Jitter     (TSJ):    0.071ns
    Total Input Jitter      (TIJ):    0.000ns
    Discrete Jitter          (DJ):    0.000ns
    Phase Error              (PE):    0.000ns

    Location             Delay type                Incr(ns)  Path(ns)    Netlist Resource(s)
  -------------------------------------------------------------------    -------------------
                         (clock sys_clk rise edge)    0.000     0.000 r  <hidden>
    P15                                               0.000     0.000 r  clk
                         net (fo=0)                   0.000     0.000    clk
    P15                  IBUF (Prop_ibuf_I_O)         0.951     0.951 r  clk_IBUF_inst/O
                         net (fo=1, routed)           1.966     2.916    clk_IBUF
    BUFGCTRL_X0Y0        BUFG (Prop_bufg_I_O)         0.096     3.012 r  clk_IBUF_BUFG_inst/O
                         net (fo=56, routed)          1.543     4.556    clk_IBUF_BUFG
    SLICE_X15Y26         FDCE                                         r  c_reg_reg[0]/C
  -------------------------------------------------------------------    -------------------
    SLICE_X15Y26         FDCE (Prop_fdce_C_Q)         0.456     5.012 r  c_reg_reg[0]/Q
                         net (fo=2, routed)           0.594     5.606    c_reg[0]
    SLICE_X12Y26         LUT2 (Prop_lut2_I0_O)        0.124     5.730 r  result1_i_11/O
                         net (fo=1, routed)           0.000     5.730    result1_i_11_n_0
    SLICE_X12Y26         CARRY4 (Prop_carry4_S[0]_CO[3])
                                                      0.513     6.243 r  result1_i_3/CO[3]
                         net (fo=1, routed)           0.000     6.243    result1_i_3_n_0
    SLICE_X12Y27         CARRY4 (Prop_carry4_CI_CO[3])
                                                      0.117     6.360 r  result1_i_2/CO[3]
                         net (fo=1, routed)           0.000     6.360    result1_i_2_n_0
    SLICE_X12Y28         CARRY4 (Prop_carry4_CI_O[0])
                                                      0.219     6.579 r  result1_i_1/O[0]
                         net (fo=8, routed)           0.655     7.233    B[15]
    DSP48_X0Y10          DSP48E1 (Prop_dsp48e1_B[9]_P[15])
                                                      3.827    11.060 r  result1/P[15]
                         net (fo=1, routed)           0.477    11.538    result1_n_90
    SLICE_X11Y28         FDCE                                         r  result_reg[15]/D
  -------------------------------------------------------------------    -------------------

                         (clock sys_clk rise edge)    5.000     5.000 r  <hidden>
    P15                                               0.000     5.000 r  clk
                         net (fo=0)                   0.000     5.000    clk
    P15                  IBUF (Prop_ibuf_I_O)         0.817     5.817 r  clk_IBUF_inst/O
                         net (fo=1, routed)           1.862     7.679    clk_IBUF
    BUFGCTRL_X0Y0        BUFG (Prop_bufg_I_O)         0.091     7.770 r  clk_IBUF_BUFG_inst/O
                         net (fo=56, routed)          1.431     9.202    clk_IBUF_BUFG
    SLICE_X11Y28         FDCE                                         r  result_reg[15]/C
                         clock pessimism              0.322     9.524    <hidden>
                         clock uncertainty           -0.035     9.488    <hidden>
    SLICE_X11Y28         FDCE (Setup_fdce_C_D)       -0.093     9.395    result_reg[15]
  -------------------------------------------------------------------
                         required time                          9.395    <hidden>
                         arrival time                         -11.538    <hidden>
  -------------------------------------------------------------------
                         slack                                 -2.142    <hidden>





Min Delay Paths
--------------------------------------------------------------------------------------
Slack (MET) :             0.280ns  (arrival time - required time)
  Source:                 e_reg_reg[0]/C
                            (rising edge-triggered cell FDCE clocked by sys_clk  {rise@0.000ns fall@2.500ns period=5.000ns})
  Destination:            result_reg[0]/D
                            (rising edge-triggered cell FDCE clocked by sys_clk  {rise@0.000ns fall@2.500ns period=5.000ns})
  Path Group:             sys_clk
  Path Type:              Hold (Min at Fast Process Corner)
  Requirement:            0.000ns  (sys_clk rise@0.000ns - sys_clk rise@0.000ns)
  Data Path Delay:        0.405ns  (logic 0.209ns (51.561%)  route 0.196ns (48.439%))
  Logic Levels:           1  (LUT2=1)
  Clock Path Skew:        0.033ns (DCD - SCD - CPR)
    Destination Clock Delay (DCD):    1.899ns
    Source Clock Delay      (SCD):    1.387ns
    Clock Pessimism Removal (CPR):    0.479ns

    Location             Delay type                Incr(ns)  Path(ns)    Netlist Resource(s)
  -------------------------------------------------------------------    -------------------
                         (clock sys_clk rise edge)    0.000     0.000 r  <hidden>
    P15                                               0.000     0.000 r  clk
                         net (fo=0)                   0.000     0.000    clk
    P15                  IBUF (Prop_ibuf_I_O)         0.180     0.180 r  clk_IBUF_inst/O
                         net (fo=1, routed)           0.631     0.811    clk_IBUF
    BUFGCTRL_X0Y0        BUFG (Prop_bufg_I_O)         0.026     0.837 r  clk_IBUF_BUFG_inst/O
                         net (fo=56, routed)          0.550     1.387    clk_IBUF_BUFG
    SLICE_X12Y25         FDCE                                         r  e_reg_reg[0]/C
  -------------------------------------------------------------------    -------------------
    SLICE_X12Y25         FDCE (Prop_fdce_C_Q)         0.164     1.551 r  e_reg_reg[0]/Q
                         net (fo=1, routed)           0.196     1.747    e_reg[0]
    SLICE_X11Y26         LUT2 (Prop_lut2_I0_O)        0.045     1.792 r  result[0]_i_1/O
                         net (fo=1, routed)           0.000     1.792    result[0]_i_1_n_0
    SLICE_X11Y26         FDCE                                         r  result_reg[0]/D
  -------------------------------------------------------------------    -------------------

                         (clock sys_clk rise edge)    0.000     0.000 r  <hidden>
    P15                                               0.000     0.000 r  clk
                         net (fo=0)                   0.000     0.000    clk
    P15                  IBUF (Prop_ibuf_I_O)         0.369     0.369 r  clk_IBUF_inst/O
                         net (fo=1, routed)           0.685     1.053    clk_IBUF
    BUFGCTRL_X0Y0        BUFG (Prop_bufg_I_O)         0.029     1.082 r  clk_IBUF_BUFG_inst/O
                         net (fo=56, routed)          0.817     1.899    clk_IBUF_BUFG
    SLICE_X11Y26         FDCE                                         r  result_reg[0]/C
                         clock pessimism             -0.479     1.420    <hidden>
    SLICE_X11Y26         FDCE (Hold_fdce_C_D)         0.092     1.512    result_reg[0]
  -------------------------------------------------------------------
                         required time                         -1.512    <hidden>
                         arrival time                           1.792    <hidden>
  -------------------------------------------------------------------
                         slack                                  0.280    <hidden>

Slack (MET) :             0.301ns  (arrival time - required time)
  Source:                 e_reg_reg[7]/C
                            (rising edge-triggered cell FDCE clocked by sys_clk  {rise@0.000ns fall@2.500ns period=5.000ns})
  Destination:            result_reg[7]/D
                            (rising edge-triggered cell FDCE clocked by sys_clk  {rise@0.000ns fall@2.500ns period=5.000ns})
  Path Group:             sys_clk
  Path Type:              Hold (Min at Fast Process Corner)
  Requirement:            0.000ns  (sys_clk rise@0.000ns - sys_clk rise@0.000ns)
  Data Path Delay:        0.404ns  (logic 0.209ns (51.680%)  route 0.195ns (48.320%))
  Logic Levels:           1  (LUT2=1)
  Clock Path Skew:        0.011ns (DCD - SCD - CPR)
    Destination Clock Delay (DCD):    1.899ns
    Source Clock Delay      (SCD):    1.390ns
    Clock Pessimism Removal (CPR):    0.498ns

    Location             Delay type                Incr(ns)  Path(ns)    Netlist Resource(s)
  -------------------------------------------------------------------    -------------------
                         (clock sys_clk rise edge)    0.000     0.000 r  <hidden>
    P15                                               0.000     0.000 r  clk
                         net (fo=0)                   0.000     0.000    clk
    P15                  IBUF (Prop_ibuf_I_O)         0.180     0.180 r  clk_IBUF_inst/O
                         net (fo=1, routed)           0.631     0.811    clk_IBUF
    BUFGCTRL_X0Y0        BUFG (Prop_bufg_I_O)         0.026     0.837 r  clk_IBUF_BUFG_inst/O
                         net (fo=56, routed)          0.553     1.390    clk_IBUF_BUFG
    SLICE_X10Y28         FDCE                                         r  e_reg_reg[7]/C
  -------------------------------------------------------------------    -------------------
    SLICE_X10Y28         FDCE (Prop_fdce_C_Q)         0.164     1.554 r  e_reg_reg[7]/Q
                         net (fo=1, routed)           0.195     1.749    e_reg[7]
    SLICE_X11Y26         LUT2 (Prop_lut2_I0_O)        0.045     1.794 r  result[7]_i_1/O
                         net (fo=1, routed)           0.000     1.794    result[7]_i_1_n_0
    SLICE_X11Y26         FDCE                                         r  result_reg[7]/D
  -------------------------------------------------------------------    -------------------

                         (clock sys_clk rise edge)    0.000     0.000 r  <hidden>
    P15                                               0.000     0.000 r  clk
                         net (fo=0)                   0.000     0.000    clk
    P15                  IBUF (Prop_ibuf_I_O)         0.369     0.369 r  clk_IBUF_inst/O
                         net (fo=1, routed)           0.685     1.053    clk_IBUF
    BUFGCTRL_X0Y0        BUFG (Prop_bufg_I_O)         0.029     1.082 r  clk_IBUF_BUFG_inst/O
                         net (fo=56, routed)          0.817     1.899    clk_IBUF_BUFG
    SLICE_X11Y26         FDCE                                         r  result_reg[7]/C
                         clock pessimism             -0.498     1.401    <hidden>
    SLICE_X11Y26         FDCE (Hold_fdce_C_D)         0.092     1.493    result_reg[7]
  -------------------------------------------------------------------
                         required time                         -1.493    <hidden>
                         arrival time                           1.794    <hidden>
  -------------------------------------------------------------------
                         slack                                  0.301    <hidden>

Slack (MET) :             0.316ns  (arrival time - required time)
  Source:                 e_reg_reg[4]/C
                            (rising edge-triggered cell FDCE clocked by sys_clk  {rise@0.000ns fall@2.500ns period=5.000ns})
  Destination:            result_reg[4]/D
                            (rising edge-triggered cell FDCE clocked by sys_clk  {rise@0.000ns fall@2.500ns period=5.000ns})
  Path Group:             sys_clk
  Path Type:              Hold (Min at Fast Process Corner)
  Requirement:            0.000ns  (sys_clk rise@0.000ns - sys_clk rise@0.000ns)
  Data Path Delay:        0.421ns  (logic 0.209ns (49.623%)  route 0.212ns (50.377%))
  Logic Levels:           1  (LUT2=1)
  Clock Path Skew:        0.013ns (DCD - SCD - CPR)
    Destination Clock Delay (DCD):    1.901ns
    Source Clock Delay      (SCD):    1.390ns
    Clock Pessimism Removal (CPR):    0.498ns

    Location             Delay type                Incr(ns)  Path(ns)    Netlist Resource(s)
  -------------------------------------------------------------------    -------------------
                         (clock sys_clk rise edge)    0.000     0.000 r  <hidden>
    P15                                               0.000     0.000 r  clk
                         net (fo=0)                   0.000     0.000    clk
    P15                  IBUF (Prop_ibuf_I_O)         0.180     0.180 r  clk_IBUF_inst/O
                         net (fo=1, routed)           0.631     0.811    clk_IBUF
    BUFGCTRL_X0Y0        BUFG (Prop_bufg_I_O)         0.026     0.837 r  clk_IBUF_BUFG_inst/O
                         net (fo=56, routed)          0.553     1.390    clk_IBUF_BUFG
    SLICE_X10Y28         FDCE                                         r  e_reg_reg[4]/C
  -------------------------------------------------------------------    -------------------
    SLICE_X10Y28         FDCE (Prop_fdce_C_Q)         0.164     1.554 r  e_reg_reg[4]/Q
                         net (fo=1, routed)           0.212     1.766    e_reg[4]
    SLICE_X11Y27         LUT2 (Prop_lut2_I0_O)        0.045     1.811 r  result[4]_i_1/O
                         net (fo=1, routed)           0.000     1.811    result[4]_i_1_n_0
    SLICE_X11Y27         FDCE                                         r  result_reg[4]/D
  -------------------------------------------------------------------    -------------------

                         (clock sys_clk rise edge)    0.000     0.000 r  <hidden>
    P15                                               0.000     0.000 r  clk
                         net (fo=0)                   0.000     0.000    clk
    P15                  IBUF (Prop_ibuf_I_O)         0.369     0.369 r  clk_IBUF_inst/O
                         net (fo=1, routed)           0.685     1.053    clk_IBUF
    BUFGCTRL_X0Y0        BUFG (Prop_bufg_I_O)         0.029     1.082 r  clk_IBUF_BUFG_inst/O
                         net (fo=56, routed)          0.819     1.901    clk_IBUF_BUFG
    SLICE_X11Y27         FDCE                                         r  result_reg[4]/C
                         clock pessimism             -0.498     1.403    <hidden>
    SLICE_X11Y27         FDCE (Hold_fdce_C_D)         0.092     1.495    result_reg[4]
  -------------------------------------------------------------------
                         required time                         -1.495    <hidden>
                         arrival time                           1.811    <hidden>
  -------------------------------------------------------------------
                         slack                                  0.316    <hidden>

Slack (MET) :             0.333ns  (arrival time - required time)
  Source:                 e_reg_reg[5]/C
                            (rising edge-triggered cell FDCE clocked by sys_clk  {rise@0.000ns fall@2.500ns period=5.000ns})
  Destination:            result_reg[5]/D
                            (rising edge-triggered cell FDCE clocked by sys_clk  {rise@0.000ns fall@2.500ns period=5.000ns})
  Path Group:             sys_clk
  Path Type:              Hold (Min at Fast Process Corner)
  Requirement:            0.000ns  (sys_clk rise@0.000ns - sys_clk rise@0.000ns)
  Data Path Delay:        0.463ns  (logic 0.209ns (45.113%)  route 0.254ns (54.887%))
  Logic Levels:           1  (LUT2=1)
  Clock Path Skew:        0.010ns (DCD - SCD - CPR)
    Destination Clock Delay (DCD):    1.898ns
    Source Clock Delay      (SCD):    1.390ns
    Clock Pessimism Removal (CPR):    0.498ns

    Location             Delay type                Incr(ns)  Path(ns)    Netlist Resource(s)
  -------------------------------------------------------------------    -------------------
                         (clock sys_clk rise edge)    0.000     0.000 r  <hidden>
    P15                                               0.000     0.000 r  clk
                         net (fo=0)                   0.000     0.000    clk
    P15                  IBUF (Prop_ibuf_I_O)         0.180     0.180 r  clk_IBUF_inst/O
                         net (fo=1, routed)           0.631     0.811    clk_IBUF
    BUFGCTRL_X0Y0        BUFG (Prop_bufg_I_O)         0.026     0.837 r  clk_IBUF_BUFG_inst/O
                         net (fo=56, routed)          0.553     1.390    clk_IBUF_BUFG
    SLICE_X10Y28         FDCE                                         r  e_reg_reg[5]/C
  -------------------------------------------------------------------    -------------------
    SLICE_X10Y28         FDCE (Prop_fdce_C_Q)         0.164     1.554 r  e_reg_reg[5]/Q
                         net (fo=1, routed)           0.254     1.808    e_reg[5]
    SLICE_X10Y25         LUT2 (Prop_lut2_I0_O)        0.045     1.853 r  result[5]_i_1/O
                         net (fo=1, routed)           0.000     1.853    result[5]_i_1_n_0
    SLICE_X10Y25         FDCE                                         r  result_reg[5]/D
  -------------------------------------------------------------------    -------------------

                         (clock sys_clk rise edge)    0.000     0.000 r  <hidden>
    P15                                               0.000     0.000 r  clk
                         net (fo=0)                   0.000     0.000    clk
    P15                  IBUF (Prop_ibuf_I_O)         0.369     0.369 r  clk_IBUF_inst/O
                         net (fo=1, routed)           0.685     1.053    clk_IBUF
    BUFGCTRL_X0Y0        BUFG (Prop_bufg_I_O)         0.029     1.082 r  clk_IBUF_BUFG_inst/O
                         net (fo=56, routed)          0.816     1.898    clk_IBUF_BUFG
    SLICE_X10Y25         FDCE                                         r  result_reg[5]/C
                         clock pessimism             -0.498     1.400    <hidden>
    SLICE_X10Y25         FDCE (Hold_fdce_C_D)         0.120     1.520    result_reg[5]
  -------------------------------------------------------------------
                         required time                         -1.520    <hidden>
                         arrival time                           1.853    <hidden>
  -------------------------------------------------------------------
                         slack                                  0.333    <hidden>

Slack (MET) :             0.356ns  (arrival time - required time)
  Source:                 e_reg_reg[6]/C
                            (rising edge-triggered cell FDCE clocked by sys_clk  {rise@0.000ns fall@2.500ns period=5.000ns})
  Destination:            result_reg[6]/D
                            (rising edge-triggered cell FDCE clocked by sys_clk  {rise@0.000ns fall@2.500ns period=5.000ns})
  Path Group:             sys_clk
  Path Type:              Hold (Min at Fast Process Corner)
  Requirement:            0.000ns  (sys_clk rise@0.000ns - sys_clk rise@0.000ns)
  Data Path Delay:        0.480ns  (logic 0.209ns (43.536%)  route 0.271ns (56.464%))
  Logic Levels:           1  (LUT2=1)
  Clock Path Skew:        0.032ns (DCD - SCD - CPR)
    Destination Clock Delay (DCD):    1.899ns
    Source Clock Delay      (SCD):    1.388ns
    Clock Pessimism Removal (CPR):    0.479ns

    Location             Delay type                Incr(ns)  Path(ns)    Netlist Resource(s)
  -------------------------------------------------------------------    -------------------
                         (clock sys_clk rise edge)    0.000     0.000 r  <hidden>
    P15                                               0.000     0.000 r  clk
                         net (fo=0)                   0.000     0.000    clk
    P15                  IBUF (Prop_ibuf_I_O)         0.180     0.180 r  clk_IBUF_inst/O
                         net (fo=1, routed)           0.631     0.811    clk_IBUF
    BUFGCTRL_X0Y0        BUFG (Prop_bufg_I_O)         0.026     0.837 r  clk_IBUF_BUFG_inst/O
                         net (fo=56, routed)          0.551     1.388    clk_IBUF_BUFG
    SLICE_X8Y26          FDCE                                         r  e_reg_reg[6]/C
  -------------------------------------------------------------------    -------------------
    SLICE_X8Y26          FDCE (Prop_fdce_C_Q)         0.164     1.552 r  e_reg_reg[6]/Q
                         net (fo=1, routed)           0.271     1.823    e_reg[6]
    SLICE_X11Y26         LUT2 (Prop_lut2_I0_O)        0.045     1.868 r  result[6]_i_1/O
                         net (fo=1, routed)           0.000     1.868    result[6]_i_1_n_0
    SLICE_X11Y26         FDCE                                         r  result_reg[6]/D
  -------------------------------------------------------------------    -------------------

                         (clock sys_clk rise edge)    0.000     0.000 r  <hidden>
    P15                                               0.000     0.000 r  clk
                         net (fo=0)                   0.000     0.000    clk
    P15                  IBUF (Prop_ibuf_I_O)         0.369     0.369 r  clk_IBUF_inst/O
                         net (fo=1, routed)           0.685     1.053    clk_IBUF
    BUFGCTRL_X0Y0        BUFG (Prop_bufg_I_O)         0.029     1.082 r  clk_IBUF_BUFG_inst/O
                         net (fo=56, routed)          0.817     1.899    clk_IBUF_BUFG
    SLICE_X11Y26         FDCE                                         r  result_reg[6]/C
                         clock pessimism             -0.479     1.420    <hidden>
    SLICE_X11Y26         FDCE (Hold_fdce_C_D)         0.092     1.512    result_reg[6]
  -------------------------------------------------------------------
                         required time                         -1.512    <hidden>
                         arrival time                           1.868    <hidden>
  -------------------------------------------------------------------
                         slack                                  0.356    <hidden>

Slack (MET) :             0.381ns  (arrival time - required time)
  Source:                 e_reg_reg[2]/C
                            (rising edge-triggered cell FDCE clocked by sys_clk  {rise@0.000ns fall@2.500ns period=5.000ns})
  Destination:            result_reg[2]/D
                            (rising edge-triggered cell FDCE clocked by sys_clk  {rise@0.000ns fall@2.500ns period=5.000ns})
  Path Group:             sys_clk
  Path Type:              Hold (Min at Fast Process Corner)
  Requirement:            0.000ns  (sys_clk rise@0.000ns - sys_clk rise@0.000ns)
  Data Path Delay:        0.485ns  (logic 0.209ns (43.077%)  route 0.276ns (56.923%))
  Logic Levels:           1  (LUT2=1)
  Clock Path Skew:        0.012ns (DCD - SCD - CPR)
    Destination Clock Delay (DCD):    1.898ns
    Source Clock Delay      (SCD):    1.388ns
    Clock Pessimism Removal (CPR):    0.498ns

    Location             Delay type                Incr(ns)  Path(ns)    Netlist Resource(s)
  -------------------------------------------------------------------    -------------------
                         (clock sys_clk rise edge)    0.000     0.000 r  <hidden>
    P15                                               0.000     0.000 r  clk
                         net (fo=0)                   0.000     0.000    clk
    P15                  IBUF (Prop_ibuf_I_O)         0.180     0.180 r  clk_IBUF_inst/O
                         net (fo=1, routed)           0.631     0.811    clk_IBUF
    BUFGCTRL_X0Y0        BUFG (Prop_bufg_I_O)         0.026     0.837 r  clk_IBUF_BUFG_inst/O
                         net (fo=56, routed)          0.551     1.388    clk_IBUF_BUFG
    SLICE_X12Y26         FDCE                                         r  e_reg_reg[2]/C
  -------------------------------------------------------------------    -------------------
    SLICE_X12Y26         FDCE (Prop_fdce_C_Q)         0.164     1.552 r  e_reg_reg[2]/Q
                         net (fo=1, routed)           0.276     1.828    e_reg[2]
    SLICE_X13Y25         LUT2 (Prop_lut2_I0_O)        0.045     1.873 r  result[2]_i_1/O
                         net (fo=1, routed)           0.000     1.873    result[2]_i_1_n_0
    SLICE_X13Y25         FDCE                                         r  result_reg[2]/D
  -------------------------------------------------------------------    -------------------

                         (clock sys_clk rise edge)    0.000     0.000 r  <hidden>
    P15                                               0.000     0.000 r  clk
                         net (fo=0)                   0.000     0.000    clk
    P15                  IBUF (Prop_ibuf_I_O)         0.369     0.369 r  clk_IBUF_inst/O
                         net (fo=1, routed)           0.685     1.053    clk_IBUF
    BUFGCTRL_X0Y0        BUFG (Prop_bufg_I_O)         0.029     1.082 r  clk_IBUF_BUFG_inst/O
                         net (fo=56, routed)          0.816     1.898    clk_IBUF_BUFG
    SLICE_X13Y25         FDCE                                         r  result_reg[2]/C
                         clock pessimism             -0.498     1.400    <hidden>
    SLICE_X13Y25         FDCE (Hold_fdce_C_D)         0.092     1.492    result_reg[2]
  -------------------------------------------------------------------
                         required time                         -1.492    <hidden>
                         arrival time                           1.873    <hidden>
  -------------------------------------------------------------------
                         slack                                  0.381    <hidden>

Slack (MET) :             0.400ns  (arrival time - required time)
  Source:                 e_reg_reg[1]/C
                            (rising edge-triggered cell FDCE clocked by sys_clk  {rise@0.000ns fall@2.500ns period=5.000ns})
  Destination:            result_reg[1]/D
                            (rising edge-triggered cell FDCE clocked by sys_clk  {rise@0.000ns fall@2.500ns period=5.000ns})
  Path Group:             sys_clk
  Path Type:              Hold (Min at Fast Process Corner)
  Requirement:            0.000ns  (sys_clk rise@0.000ns - sys_clk rise@0.000ns)
  Data Path Delay:        0.504ns  (logic 0.226ns (44.848%)  route 0.278ns (55.152%))
  Logic Levels:           1  (LUT2=1)
  Clock Path Skew:        0.012ns (DCD - SCD - CPR)
    Destination Clock Delay (DCD):    1.898ns
    Source Clock Delay      (SCD):    1.388ns
    Clock Pessimism Removal (CPR):    0.498ns

    Location             Delay type                Incr(ns)  Path(ns)    Netlist Resource(s)
  -------------------------------------------------------------------    -------------------
                         (clock sys_clk rise edge)    0.000     0.000 r  <hidden>
    P15                                               0.000     0.000 r  clk
                         net (fo=0)                   0.000     0.000    clk
    P15                  IBUF (Prop_ibuf_I_O)         0.180     0.180 r  clk_IBUF_inst/O
                         net (fo=1, routed)           0.631     0.811    clk_IBUF
    BUFGCTRL_X0Y0        BUFG (Prop_bufg_I_O)         0.026     0.837 r  clk_IBUF_BUFG_inst/O
                         net (fo=56, routed)          0.551     1.388    clk_IBUF_BUFG
    SLICE_X11Y26         FDCE                                         r  e_reg_reg[1]/C
  -------------------------------------------------------------------    -------------------
    SLICE_X11Y26         FDCE (Prop_fdce_C_Q)         0.128     1.516 r  e_reg_reg[1]/Q
                         net (fo=1, routed)           0.278     1.793    e_reg[1]
    SLICE_X11Y25         LUT2 (Prop_lut2_I0_O)        0.098     1.891 r  result[1]_i_1/O
                         net (fo=1, routed)           0.000     1.891    result[1]_i_1_n_0
    SLICE_X11Y25         FDCE                                         r  result_reg[1]/D
  -------------------------------------------------------------------    -------------------

                         (clock sys_clk rise edge)    0.000     0.000 r  <hidden>
    P15                                               0.000     0.000 r  clk
                         net (fo=0)                   0.000     0.000    clk
    P15                  IBUF (Prop_ibuf_I_O)         0.369     0.369 r  clk_IBUF_inst/O
                         net (fo=1, routed)           0.685     1.053    clk_IBUF
    BUFGCTRL_X0Y0        BUFG (Prop_bufg_I_O)         0.029     1.082 r  clk_IBUF_BUFG_inst/O
                         net (fo=56, routed)          0.816     1.898    clk_IBUF_BUFG
    SLICE_X11Y25         FDCE                                         r  result_reg[1]/C
                         clock pessimism             -0.498     1.400    <hidden>
    SLICE_X11Y25         FDCE (Hold_fdce_C_D)         0.092     1.492    result_reg[1]
  -------------------------------------------------------------------
                         required time                         -1.492    <hidden>
                         arrival time                           1.891    <hidden>
  -------------------------------------------------------------------
                         slack                                  0.400    <hidden>

Slack (MET) :             0.458ns  (arrival time - required time)
  Source:                 e_reg_reg[3]/C
                            (rising edge-triggered cell FDCE clocked by sys_clk  {rise@0.000ns fall@2.500ns period=5.000ns})
  Destination:            result_reg[3]/D
                            (rising edge-triggered cell FDCE clocked by sys_clk  {rise@0.000ns fall@2.500ns period=5.000ns})
  Path Group:             sys_clk
  Path Type:              Hold (Min at Fast Process Corner)
  Requirement:            0.000ns  (sys_clk rise@0.000ns - sys_clk rise@0.000ns)
  Data Path Delay:        0.581ns  (logic 0.227ns (39.093%)  route 0.354ns (60.907%))
  Logic Levels:           1  (LUT2=1)
  Clock Path Skew:        0.031ns (DCD - SCD - CPR)
    Destination Clock Delay (DCD):    1.898ns
    Source Clock Delay      (SCD):    1.388ns
    Clock Pessimism Removal (CPR):    0.479ns

    Location             Delay type                Incr(ns)  Path(ns)    Netlist Resource(s)
  -------------------------------------------------------------------    -------------------
                         (clock sys_clk rise edge)    0.000     0.000 r  <hidden>
    P15                                               0.000     0.000 r  clk
                         net (fo=0)                   0.000     0.000    clk
    P15                  IBUF (Prop_ibuf_I_O)         0.180     0.180 r  clk_IBUF_inst/O
                         net (fo=1, routed)           0.631     0.811    clk_IBUF
    BUFGCTRL_X0Y0        BUFG (Prop_bufg_I_O)         0.026     0.837 r  clk_IBUF_BUFG_inst/O
                         net (fo=56, routed)          0.551     1.388    clk_IBUF_BUFG
    SLICE_X11Y26         FDCE                                         r  e_reg_reg[3]/C
  -------------------------------------------------------------------    -------------------
    SLICE_X11Y26         FDCE (Prop_fdce_C_Q)         0.128     1.516 r  e_reg_reg[3]/Q
                         net (fo=1, routed)           0.354     1.869    e_reg[3]
    SLICE_X13Y25         LUT2 (Prop_lut2_I0_O)        0.099     1.968 r  result[3]_i_1/O
                         net (fo=1, routed)           0.000     1.968    result[3]_i_1_n_0
    SLICE_X13Y25         FDCE                                         r  result_reg[3]/D
  -------------------------------------------------------------------    -------------------

                         (clock sys_clk rise edge)    0.000     0.000 r  <hidden>
    P15                                               0.000     0.000 r  clk
                         net (fo=0)                   0.000     0.000    clk
    P15                  IBUF (Prop_ibuf_I_O)         0.369     0.369 r  clk_IBUF_inst/O
                         net (fo=1, routed)           0.685     1.053    clk_IBUF
    BUFGCTRL_X0Y0        BUFG (Prop_bufg_I_O)         0.029     1.082 r  clk_IBUF_BUFG_inst/O
                         net (fo=56, routed)          0.816     1.898    clk_IBUF_BUFG
    SLICE_X13Y25         FDCE                                         r  result_reg[3]/C
                         clock pessimism             -0.479     1.419    <hidden>
    SLICE_X13Y25         FDCE (Hold_fdce_C_D)         0.092     1.511    result_reg[3]
  -------------------------------------------------------------------
                         required time                         -1.511    <hidden>
                         arrival time                           1.968    <hidden>
  -------------------------------------------------------------------
                         slack                                  0.458    <hidden>

Slack (MET) :             1.042ns  (arrival time - required time)
  Source:                 b_reg_reg[7]/C
                            (rising edge-triggered cell FDCE clocked by sys_clk  {rise@0.000ns fall@2.500ns period=5.000ns})
  Destination:            result_reg[12]/D
                            (rising edge-triggered cell FDCE clocked by sys_clk  {rise@0.000ns fall@2.500ns period=5.000ns})
  Path Group:             sys_clk
  Path Type:              Hold (Min at Fast Process Corner)
  Requirement:            0.000ns  (sys_clk rise@0.000ns - sys_clk rise@0.000ns)
  Data Path Delay:        1.137ns  (logic 0.784ns (68.946%)  route 0.353ns (31.054%))
  Logic Levels:           1  (DSP48E1=1)
  Clock Path Skew:        0.017ns (DCD - SCD - CPR)
    Destination Clock Delay (DCD):    1.902ns
    Source Clock Delay      (SCD):    1.387ns
    Clock Pessimism Removal (CPR):    0.498ns

    Location             Delay type                Incr(ns)  Path(ns)    Netlist Resource(s)
  -------------------------------------------------------------------    -------------------
                         (clock sys_clk rise edge)    0.000     0.000 r  <hidden>
    P15                                               0.000     0.000 r  clk
                         net (fo=0)                   0.000     0.000    clk
    P15                  IBUF (Prop_ibuf_I_O)         0.180     0.180 r  clk_IBUF_inst/O
                         net (fo=1, routed)           0.631     0.811    clk_IBUF
    BUFGCTRL_X0Y0        BUFG (Prop_bufg_I_O)         0.026     0.837 r  clk_IBUF_BUFG_inst/O
                         net (fo=56, routed)          0.550     1.387    clk_IBUF_BUFG
    SLICE_X11Y25         FDCE                                         r  b_reg_reg[7]/C
  -------------------------------------------------------------------    -------------------
    SLICE_X11Y25         FDCE (Prop_fdce_C_Q)         0.141     1.528 r  b_reg_reg[7]/Q
                         net (fo=1, routed)           0.187     1.714    b_reg[7]
    DSP48_X0Y10          DSP48E1 (Prop_dsp48e1_A[7]_P[12])
                                                      0.643     2.357 r  result1/P[12]
                         net (fo=1, routed)           0.166     2.524    result1_n_93
    SLICE_X11Y28         FDCE                                         r  result_reg[12]/D
  -------------------------------------------------------------------    -------------------

                         (clock sys_clk rise edge)    0.000     0.000 r  <hidden>
    P15                                               0.000     0.000 r  clk
                         net (fo=0)                   0.000     0.000    clk
    P15                  IBUF (Prop_ibuf_I_O)         0.369     0.369 r  clk_IBUF_inst/O
                         net (fo=1, routed)           0.685     1.053    clk_IBUF
    BUFGCTRL_X0Y0        BUFG (Prop_bufg_I_O)         0.029     1.082 r  clk_IBUF_BUFG_inst/O
                         net (fo=56, routed)          0.820     1.902    clk_IBUF_BUFG
    SLICE_X11Y28         FDCE                                         r  result_reg[12]/C
                         clock pessimism             -0.498     1.404    <hidden>
    SLICE_X11Y28         FDCE (Hold_fdce_C_D)         0.078     1.482    result_reg[12]
  -------------------------------------------------------------------
                         required time                         -1.482    <hidden>
                         arrival time                           2.524    <hidden>
  -------------------------------------------------------------------
                         slack                                  1.042    <hidden>

Slack (MET) :             1.043ns  (arrival time - required time)
  Source:                 b_reg_reg[7]/C
                            (rising edge-triggered cell FDCE clocked by sys_clk  {rise@0.000ns fall@2.500ns period=5.000ns})
  Destination:            result_reg[8]/D
                            (rising edge-triggered cell FDCE clocked by sys_clk  {rise@0.000ns fall@2.500ns period=5.000ns})
  Path Group:             sys_clk
  Path Type:              Hold (Min at Fast Process Corner)
  Requirement:            0.000ns  (sys_clk rise@0.000ns - sys_clk rise@0.000ns)
  Data Path Delay:        1.137ns  (logic 0.784ns (68.946%)  route 0.353ns (31.054%))
  Logic Levels:           1  (DSP48E1=1)
  Clock Path Skew:        0.016ns (DCD - SCD - CPR)
    Destination Clock Delay (DCD):    1.901ns
    Source Clock Delay      (SCD):    1.387ns
    Clock Pessimism Removal (CPR):    0.498ns

    Location             Delay type                Incr(ns)  Path(ns)    Netlist Resource(s)
  -------------------------------------------------------------------    -------------------
                         (clock sys_clk rise edge)    0.000     0.000 r  <hidden>
    P15                                               0.000     0.000 r  clk
                         net (fo=0)                   0.000     0.000    clk
    P15                  IBUF (Prop_ibuf_I_O)         0.180     0.180 r  clk_IBUF_inst/O
                         net (fo=1, routed)           0.631     0.811    clk_IBUF
    BUFGCTRL_X0Y0        BUFG (Prop_bufg_I_O)         0.026     0.837 r  clk_IBUF_BUFG_inst/O
                         net (fo=56, routed)          0.550     1.387    clk_IBUF_BUFG
    SLICE_X11Y25         FDCE                                         r  b_reg_reg[7]/C
  -------------------------------------------------------------------    -------------------
    SLICE_X11Y25         FDCE (Prop_fdce_C_Q)         0.141     1.528 r  b_reg_reg[7]/Q
                         net (fo=1, routed)           0.187     1.714    b_reg[7]
    DSP48_X0Y10          DSP48E1 (Prop_dsp48e1_A[7]_P[8])
                                                      0.643     2.357 r  result1/P[8]
                         net (fo=1, routed)           0.166     2.524    result1_n_97
    SLICE_X11Y27         FDCE                                         r  result_reg[8]/D
  -------------------------------------------------------------------    -------------------

                         (clock sys_clk rise edge)    0.000     0.000 r  <hidden>
    P15                                               0.000     0.000 r  clk
                         net (fo=0)                   0.000     0.000    clk
    P15                  IBUF (Prop_ibuf_I_O)         0.369     0.369 r  clk_IBUF_inst/O
                         net (fo=1, routed)           0.685     1.053    clk_IBUF
    BUFGCTRL_X0Y0        BUFG (Prop_bufg_I_O)         0.029     1.082 r  clk_IBUF_BUFG_inst/O
                         net (fo=56, routed)          0.819     1.901    clk_IBUF_BUFG
    SLICE_X11Y27         FDCE                                         r  result_reg[8]/C
                         clock pessimism             -0.498     1.403    <hidden>
    SLICE_X11Y27         FDCE (Hold_fdce_C_D)         0.078     1.481    result_reg[8]
  -------------------------------------------------------------------
                         required time                         -1.481    <hidden>
                         arrival time                           2.524    <hidden>
  -------------------------------------------------------------------
                         slack                                  1.043    <hidden>





Pulse Width Checks
--------------------------------------------------------------------------------------
Clock Name:         sys_clk
Waveform(ns):       { 0.000 2.500 }
Period(ns):         5.000
Sources:            { clk }

Check Type        Corner  Lib Pin  Reference Pin  Required(ns)  Actual(ns)  Slack(ns)  Location       Pin
Min Period        n/a     BUFG/I   n/a            2.155         5.000       2.845      BUFGCTRL_X0Y0  clk_IBUF_BUFG_inst/I
Min Period        n/a     FDCE/C   n/a            1.000         5.000       4.000      SLICE_X10Y26   a_reg_reg[0]/C
Min Period        n/a     FDCE/C   n/a            1.000         5.000       4.000      SLICE_X11Y24   a_reg_reg[1]/C
Min Period        n/a     FDCE/C   n/a            1.000         5.000       4.000      SLICE_X10Y25   a_reg_reg[2]/C
Min Period        n/a     FDCE/C   n/a            1.000         5.000       4.000      SLICE_X13Y25   a_reg_reg[3]/C
Min Period        n/a     FDCE/C   n/a            1.000         5.000       4.000      SLICE_X10Y26   a_reg_reg[4]/C
Min Period        n/a     FDCE/C   n/a            1.000         5.000       4.000      SLICE_X11Y26   a_reg_reg[5]/C
Min Period        n/a     FDCE/C   n/a            1.000         5.000       4.000      SLICE_X11Y27   a_reg_reg[6]/C
Min Period        n/a     FDCE/C   n/a            1.000         5.000       4.000      SLICE_X11Y27   a_reg_reg[7]/C
Min Period        n/a     FDCE/C   n/a            1.000         5.000       4.000      SLICE_X11Y25   b_reg_reg[0]/C
Low Pulse Width   Slow    FDCE/C   n/a            0.500         2.500       2.000      SLICE_X10Y26   a_reg_reg[0]/C
Low Pulse Width   Fast    FDCE/C   n/a            0.500         2.500       2.000      SLICE_X10Y26   a_reg_reg[0]/C
Low Pulse Width   Slow    FDCE/C   n/a            0.500         2.500       2.000      SLICE_X11Y24   a_reg_reg[1]/C
Low Pulse Width   Fast    FDCE/C   n/a            0.500         2.500       2.000      SLICE_X11Y24   a_reg_reg[1]/C
Low Pulse Width   Slow    FDCE/C   n/a            0.500         2.500       2.000      SLICE_X10Y25   a_reg_reg[2]/C
Low Pulse Width   Fast    FDCE/C   n/a            0.500         2.500       2.000      SLICE_X10Y25   a_reg_reg[2]/C
Low Pulse Width   Slow    FDCE/C   n/a            0.500         2.500       2.000      SLICE_X13Y25   a_reg_reg[3]/C
Low Pulse Width   Fast    FDCE/C   n/a            0.500         2.500       2.000      SLICE_X13Y25   a_reg_reg[3]/C
Low Pulse Width   Slow    FDCE/C   n/a            0.500         2.500       2.000      SLICE_X10Y26   a_reg_reg[4]/C
Low Pulse Width   Fast    FDCE/C   n/a            0.500         2.500       2.000      SLICE_X10Y26   a_reg_reg[4]/C
High Pulse Width  Slow    FDCE/C   n/a            0.500         2.500       2.000      SLICE_X10Y26   a_reg_reg[0]/C
High Pulse Width  Fast    FDCE/C   n/a            0.500         2.500       2.000      SLICE_X10Y26   a_reg_reg[0]/C
High Pulse Width  Slow    FDCE/C   n/a            0.500         2.500       2.000      SLICE_X11Y24   a_reg_reg[1]/C
High Pulse Width  Fast    FDCE/C   n/a            0.500         2.500       2.000      SLICE_X11Y24   a_reg_reg[1]/C
High Pulse Width  Slow    FDCE/C   n/a            0.500         2.500       2.000      SLICE_X10Y25   a_reg_reg[2]/C
High Pulse Width  Fast    FDCE/C   n/a            0.500         2.500       2.000      SLICE_X10Y25   a_reg_reg[2]/C
High Pulse Width  Slow    FDCE/C   n/a            0.500         2.500       2.000      SLICE_X13Y25   a_reg_reg[3]/C
High Pulse Width  Fast    FDCE/C   n/a            0.500         2.500       2.000      SLICE_X13Y25   a_reg_reg[3]/C
High Pulse Width  Slow    FDCE/C   n/a            0.500         2.500       2.000      SLICE_X10Y26   a_reg_reg[4]/C
High Pulse Width  Fast    FDCE/C   n/a            0.500         2.500       2.000      SLICE_X10Y26   a_reg_reg[4]/C



--------------------------------------------------------------------------------------
Path Group:  (none)
From Clock:  sys_clk
  To Clock:  

Max Delay            16 Endpoints
Min Delay            16 Endpoints
--------------------------------------------------------------------------------------


Max Delay Paths
--------------------------------------------------------------------------------------
Slack:                    inf
  Source:                 result_reg[14]/C
                            (rising edge-triggered cell FDCE clocked by sys_clk  {rise@0.000ns fall@2.500ns period=5.000ns})
  Destination:            result[14]
                            (output port)
  Path Group:             (none)
  Path Type:              Max at Slow Process Corner
  Data Path Delay:        5.772ns  (logic 3.063ns (53.074%)  route 2.708ns (46.926%))
  Logic Levels:           1  (OBUF=1)
  Clock Uncertainty:      0.025ns  ((TSJ^2 + TIJ^2)^1/2 + DJ) / 2 + PE
    Total System Jitter     (TSJ):    0.050ns
    Total Input Jitter      (TIJ):    0.000ns
    Discrete Jitter          (DJ):    0.000ns
    Phase Error              (PE):    0.000ns

    Location             Delay type                Incr(ns)  Path(ns)    Netlist Resource(s)
  -------------------------------------------------------------------    -------------------
                         (clock sys_clk rise edge)    0.000     0.000 r  <hidden>
    P15                                               0.000     0.000 r  clk
                         net (fo=0)                   0.000     0.000    clk
    P15                  IBUF (Prop_ibuf_I_O)         0.951     0.951 r  clk_IBUF_inst/O
                         net (fo=1, routed)           1.966     2.916    clk_IBUF
    BUFGCTRL_X0Y0        BUFG (Prop_bufg_I_O)         0.096     3.012 r  clk_IBUF_BUFG_inst/O
                         net (fo=56, routed)          1.548     4.561    clk_IBUF_BUFG
    SLICE_X11Y28         FDCE                                         r  result_reg[14]/C
  -------------------------------------------------------------------    -------------------
    SLICE_X11Y28         FDCE (Prop_fdce_C_Q)         0.456     5.017 r  result_reg[14]/Q
                         net (fo=1, routed)           2.708     7.725    result_OBUF[14]
    K16                  OBUF (Prop_obuf_I_O)         2.607    10.332 r  result_OBUF[14]_inst/O
                         net (fo=0)                   0.000    10.332    result[14]
    K16                                                               r  result[14]
  -------------------------------------------------------------------    -------------------

Slack:                    inf
  Source:                 result_reg[13]/C
                            (rising edge-triggered cell FDCE clocked by sys_clk  {rise@0.000ns fall@2.500ns period=5.000ns})
  Destination:            result[13]
                            (output port)
  Path Group:             (none)
  Path Type:              Max at Slow Process Corner
  Data Path Delay:        5.754ns  (logic 3.205ns (55.695%)  route 2.549ns (44.305%))
  Logic Levels:           1  (OBUF=1)
  Clock Uncertainty:      0.025ns  ((TSJ^2 + TIJ^2)^1/2 + DJ) / 2 + PE
    Total System Jitter     (TSJ):    0.050ns
    Total Input Jitter      (TIJ):    0.000ns
    Discrete Jitter          (DJ):    0.000ns
    Phase Error              (PE):    0.000ns

    Location             Delay type                Incr(ns)  Path(ns)    Netlist Resource(s)
  -------------------------------------------------------------------    -------------------
                         (clock sys_clk rise edge)    0.000     0.000 r  <hidden>
    P15                                               0.000     0.000 r  clk
                         net (fo=0)                   0.000     0.000    clk
    P15                  IBUF (Prop_ibuf_I_O)         0.951     0.951 r  clk_IBUF_inst/O
                         net (fo=1, routed)           1.966     2.916    clk_IBUF
    BUFGCTRL_X0Y0        BUFG (Prop_bufg_I_O)         0.096     3.012 r  clk_IBUF_BUFG_inst/O
                         net (fo=56, routed)          1.548     4.561    clk_IBUF_BUFG
    SLICE_X11Y28         FDCE                                         r  result_reg[13]/C
  -------------------------------------------------------------------    -------------------
    SLICE_X11Y28         FDCE (Prop_fdce_C_Q)         0.419     4.980 r  result_reg[13]/Q
                         net (fo=1, routed)           2.549     7.529    result_OBUF[13]
    L17                  OBUF (Prop_obuf_I_O)         2.786    10.315 r  result_OBUF[13]_inst/O
                         net (fo=0)                   0.000    10.315    result[13]
    L17                                                               r  result[13]
  -------------------------------------------------------------------    -------------------

Slack:                    inf
  Source:                 result_reg[11]/C
                            (rising edge-triggered cell FDCE clocked by sys_clk  {rise@0.000ns fall@2.500ns period=5.000ns})
  Destination:            result[11]
                            (output port)
  Path Group:             (none)
  Path Type:              Max at Slow Process Corner
  Data Path Delay:        5.755ns  (logic 3.197ns (55.553%)  route 2.558ns (44.447%))
  Logic Levels:           1  (OBUF=1)
  Clock Uncertainty:      0.025ns  ((TSJ^2 + TIJ^2)^1/2 + DJ) / 2 + PE
    Total System Jitter     (TSJ):    0.050ns
    Total Input Jitter      (TIJ):    0.000ns
    Discrete Jitter          (DJ):    0.000ns
    Phase Error              (PE):    0.000ns

    Location             Delay type                Incr(ns)  Path(ns)    Netlist Resource(s)
  -------------------------------------------------------------------    -------------------
                         (clock sys_clk rise edge)    0.000     0.000 r  <hidden>
    P15                                               0.000     0.000 r  clk
                         net (fo=0)                   0.000     0.000    clk
    P15                  IBUF (Prop_ibuf_I_O)         0.951     0.951 r  clk_IBUF_inst/O
                         net (fo=1, routed)           1.966     2.916    clk_IBUF
    BUFGCTRL_X0Y0        BUFG (Prop_bufg_I_O)         0.096     3.012 r  clk_IBUF_BUFG_inst/O
                         net (fo=56, routed)          1.544     4.557    clk_IBUF_BUFG
    SLICE_X11Y26         FDCE                                         r  result_reg[11]/C
  -------------------------------------------------------------------    -------------------
    SLICE_X11Y26         FDCE (Prop_fdce_C_Q)         0.419     4.976 r  result_reg[11]/Q
                         net (fo=1, routed)           2.558     7.534    result_OBUF[11]
    J16                  OBUF (Prop_obuf_I_O)         2.778    10.312 r  result_OBUF[11]_inst/O
                         net (fo=0)                   0.000    10.312    result[11]
    J16                                                               r  result[11]
  -------------------------------------------------------------------    -------------------

Slack:                    inf
  Source:                 result_reg[10]/C
                            (rising edge-triggered cell FDCE clocked by sys_clk  {rise@0.000ns fall@2.500ns period=5.000ns})
  Destination:            result[10]
                            (output port)
  Path Group:             (none)
  Path Type:              Max at Slow Process Corner
  Data Path Delay:        5.738ns  (logic 3.209ns (55.920%)  route 2.529ns (44.080%))
  Logic Levels:           1  (OBUF=1)
  Clock Uncertainty:      0.025ns  ((TSJ^2 + TIJ^2)^1/2 + DJ) / 2 + PE
    Total System Jitter     (TSJ):    0.050ns
    Total Input Jitter      (TIJ):    0.000ns
    Discrete Jitter          (DJ):    0.000ns
    Phase Error              (PE):    0.000ns

    Location             Delay type                Incr(ns)  Path(ns)    Netlist Resource(s)
  -------------------------------------------------------------------    -------------------
                         (clock sys_clk rise edge)    0.000     0.000 r  <hidden>
    P15                                               0.000     0.000 r  clk
                         net (fo=0)                   0.000     0.000    clk
    P15                  IBUF (Prop_ibuf_I_O)         0.951     0.951 r  clk_IBUF_inst/O
                         net (fo=1, routed)           1.966     2.916    clk_IBUF
    BUFGCTRL_X0Y0        BUFG (Prop_bufg_I_O)         0.096     3.012 r  clk_IBUF_BUFG_inst/O
                         net (fo=56, routed)          1.544     4.557    clk_IBUF_BUFG
    SLICE_X11Y26         FDCE                                         r  result_reg[10]/C
  -------------------------------------------------------------------    -------------------
    SLICE_X11Y26         FDCE (Prop_fdce_C_Q)         0.419     4.976 r  result_reg[10]/Q
                         net (fo=1, routed)           2.529     7.505    result_OBUF[10]
    J18                  OBUF (Prop_obuf_I_O)         2.790    10.295 r  result_OBUF[10]_inst/O
                         net (fo=0)                   0.000    10.295    result[10]
    J18                                                               r  result[10]
  -------------------------------------------------------------------    -------------------

Slack:                    inf
  Source:                 result_reg[9]/C
                            (rising edge-triggered cell FDCE clocked by sys_clk  {rise@0.000ns fall@2.500ns period=5.000ns})
  Destination:            result[9]
                            (output port)
  Path Group:             (none)
  Path Type:              Max at Slow Process Corner
  Data Path Delay:        5.708ns  (logic 3.205ns (56.152%)  route 2.503ns (43.848%))
  Logic Levels:           1  (OBUF=1)
  Clock Uncertainty:      0.025ns  ((TSJ^2 + TIJ^2)^1/2 + DJ) / 2 + PE
    Total System Jitter     (TSJ):    0.050ns
    Total Input Jitter      (TIJ):    0.000ns
    Discrete Jitter          (DJ):    0.000ns
    Phase Error              (PE):    0.000ns

    Location             Delay type                Incr(ns)  Path(ns)    Netlist Resource(s)
  -------------------------------------------------------------------    -------------------
                         (clock sys_clk rise edge)    0.000     0.000 r  <hidden>
    P15                                               0.000     0.000 r  clk
                         net (fo=0)                   0.000     0.000    clk
    P15                  IBUF (Prop_ibuf_I_O)         0.951     0.951 r  clk_IBUF_inst/O
                         net (fo=1, routed)           1.966     2.916    clk_IBUF
    BUFGCTRL_X0Y0        BUFG (Prop_bufg_I_O)         0.096     3.012 r  clk_IBUF_BUFG_inst/O
                         net (fo=56, routed)          1.545     4.558    clk_IBUF_BUFG
    SLICE_X11Y27         FDCE                                         r  result_reg[9]/C
  -------------------------------------------------------------------    -------------------
    SLICE_X11Y27         FDCE (Prop_fdce_C_Q)         0.419     4.977 r  result_reg[9]/Q
                         net (fo=1, routed)           2.503     7.480    result_OBUF[9]
    K18                  OBUF (Prop_obuf_I_O)         2.786    10.266 r  result_OBUF[9]_inst/O
                         net (fo=0)                   0.000    10.266    result[9]
    K18                                                               r  result[9]
  -------------------------------------------------------------------    -------------------

Slack:                    inf
  Source:                 result_reg[15]/C
                            (rising edge-triggered cell FDCE clocked by sys_clk  {rise@0.000ns fall@2.500ns period=5.000ns})
  Destination:            result[15]
                            (output port)
  Path Group:             (none)
  Path Type:              Max at Slow Process Corner
  Data Path Delay:        5.619ns  (logic 3.043ns (54.166%)  route 2.575ns (45.834%))
  Logic Levels:           1  (OBUF=1)
  Clock Uncertainty:      0.025ns  ((TSJ^2 + TIJ^2)^1/2 + DJ) / 2 + PE
    Total System Jitter     (TSJ):    0.050ns
    Total Input Jitter      (TIJ):    0.000ns
    Discrete Jitter          (DJ):    0.000ns
    Phase Error              (PE):    0.000ns

    Location             Delay type                Incr(ns)  Path(ns)    Netlist Resource(s)
  -------------------------------------------------------------------    -------------------
                         (clock sys_clk rise edge)    0.000     0.000 r  <hidden>
    P15                                               0.000     0.000 r  clk
                         net (fo=0)                   0.000     0.000    clk
    P15                  IBUF (Prop_ibuf_I_O)         0.951     0.951 r  clk_IBUF_inst/O
                         net (fo=1, routed)           1.966     2.916    clk_IBUF
    BUFGCTRL_X0Y0        BUFG (Prop_bufg_I_O)         0.096     3.012 r  clk_IBUF_BUFG_inst/O
                         net (fo=56, routed)          1.548     4.561    clk_IBUF_BUFG
    SLICE_X11Y28         FDCE                                         r  result_reg[15]/C
  -------------------------------------------------------------------    -------------------
    SLICE_X11Y28         FDCE (Prop_fdce_C_Q)         0.456     5.017 r  result_reg[15]/Q
                         net (fo=1, routed)           2.575     7.592    result_OBUF[15]
    L14                  OBUF (Prop_obuf_I_O)         2.587    10.179 r  result_OBUF[15]_inst/O
                         net (fo=0)                   0.000    10.179    result[15]
    L14                                                               r  result[15]
  -------------------------------------------------------------------    -------------------

Slack:                    inf
  Source:                 result_reg[12]/C
                            (rising edge-triggered cell FDCE clocked by sys_clk  {rise@0.000ns fall@2.500ns period=5.000ns})
  Destination:            result[12]
                            (output port)
  Path Group:             (none)
  Path Type:              Max at Slow Process Corner
  Data Path Delay:        5.600ns  (logic 3.198ns (57.107%)  route 2.402ns (42.893%))
  Logic Levels:           1  (OBUF=1)
  Clock Uncertainty:      0.025ns  ((TSJ^2 + TIJ^2)^1/2 + DJ) / 2 + PE
    Total System Jitter     (TSJ):    0.050ns
    Total Input Jitter      (TIJ):    0.000ns
    Discrete Jitter          (DJ):    0.000ns
    Phase Error              (PE):    0.000ns

    Location             Delay type                Incr(ns)  Path(ns)    Netlist Resource(s)
  -------------------------------------------------------------------    -------------------
                         (clock sys_clk rise edge)    0.000     0.000 r  <hidden>
    P15                                               0.000     0.000 r  clk
                         net (fo=0)                   0.000     0.000    clk
    P15                  IBUF (Prop_ibuf_I_O)         0.951     0.951 r  clk_IBUF_inst/O
                         net (fo=1, routed)           1.966     2.916    clk_IBUF
    BUFGCTRL_X0Y0        BUFG (Prop_bufg_I_O)         0.096     3.012 r  clk_IBUF_BUFG_inst/O
                         net (fo=56, routed)          1.548     4.561    clk_IBUF_BUFG
    SLICE_X11Y28         FDCE                                         r  result_reg[12]/C
  -------------------------------------------------------------------    -------------------
    SLICE_X11Y28         FDCE (Prop_fdce_C_Q)         0.419     4.980 r  result_reg[12]/Q
                         net (fo=1, routed)           2.402     7.382    result_OBUF[12]
    J15                  OBUF (Prop_obuf_I_O)         2.779    10.161 r  result_OBUF[12]_inst/O
                         net (fo=0)                   0.000    10.161    result[12]
    J15                                                               r  result[12]
  -------------------------------------------------------------------    -------------------

Slack:                    inf
  Source:                 result_reg[8]/C
                            (rising edge-triggered cell FDCE clocked by sys_clk  {rise@0.000ns fall@2.500ns period=5.000ns})
  Destination:            result[8]
                            (output port)
  Path Group:             (none)
  Path Type:              Max at Slow Process Corner
  Data Path Delay:        5.591ns  (logic 3.210ns (57.408%)  route 2.381ns (42.592%))
  Logic Levels:           1  (OBUF=1)
  Clock Uncertainty:      0.025ns  ((TSJ^2 + TIJ^2)^1/2 + DJ) / 2 + PE
    Total System Jitter     (TSJ):    0.050ns
    Total Input Jitter      (TIJ):    0.000ns
    Discrete Jitter          (DJ):    0.000ns
    Phase Error              (PE):    0.000ns

    Location             Delay type                Incr(ns)  Path(ns)    Netlist Resource(s)
  -------------------------------------------------------------------    -------------------
                         (clock sys_clk rise edge)    0.000     0.000 r  <hidden>
    P15                                               0.000     0.000 r  clk
                         net (fo=0)                   0.000     0.000    clk
    P15                  IBUF (Prop_ibuf_I_O)         0.951     0.951 r  clk_IBUF_inst/O
                         net (fo=1, routed)           1.966     2.916    clk_IBUF
    BUFGCTRL_X0Y0        BUFG (Prop_bufg_I_O)         0.096     3.012 r  clk_IBUF_BUFG_inst/O
                         net (fo=56, routed)          1.545     4.558    clk_IBUF_BUFG
    SLICE_X11Y27         FDCE                                         r  result_reg[8]/C
  -------------------------------------------------------------------    -------------------
    SLICE_X11Y27         FDCE (Prop_fdce_C_Q)         0.419     4.977 r  result_reg[8]/Q
                         net (fo=1, routed)           2.381     7.358    result_OBUF[8]
    K17                  OBUF (Prop_obuf_I_O)         2.791    10.149 r  result_OBUF[8]_inst/O
                         net (fo=0)                   0.000    10.149    result[8]
    K17                                                               r  result[8]
  -------------------------------------------------------------------    -------------------

Slack:                    inf
  Source:                 result_reg[5]/C
                            (rising edge-triggered cell FDCE clocked by sys_clk  {rise@0.000ns fall@2.500ns period=5.000ns})
  Destination:            result[5]
                            (output port)
  Path Group:             (none)
  Path Type:              Max at Slow Process Corner
  Data Path Delay:        5.490ns  (logic 3.126ns (56.943%)  route 2.364ns (43.057%))
  Logic Levels:           1  (OBUF=1)
  Clock Uncertainty:      0.025ns  ((TSJ^2 + TIJ^2)^1/2 + DJ) / 2 + PE
    Total System Jitter     (TSJ):    0.050ns
    Total Input Jitter      (TIJ):    0.000ns
    Discrete Jitter          (DJ):    0.000ns
    Phase Error              (PE):    0.000ns

    Location             Delay type                Incr(ns)  Path(ns)    Netlist Resource(s)
  -------------------------------------------------------------------    -------------------
                         (clock sys_clk rise edge)    0.000     0.000 r  <hidden>
    P15                                               0.000     0.000 r  clk
                         net (fo=0)                   0.000     0.000    clk
    P15                  IBUF (Prop_ibuf_I_O)         0.951     0.951 r  clk_IBUF_inst/O
                         net (fo=1, routed)           1.966     2.916    clk_IBUF
    BUFGCTRL_X0Y0        BUFG (Prop_bufg_I_O)         0.096     3.012 r  clk_IBUF_BUFG_inst/O
                         net (fo=56, routed)          1.542     4.555    clk_IBUF_BUFG
    SLICE_X10Y25         FDCE                                         r  result_reg[5]/C
  -------------------------------------------------------------------    -------------------
    SLICE_X10Y25         FDCE (Prop_fdce_C_Q)         0.518     5.073 r  result_reg[5]/Q
                         net (fo=1, routed)           2.364     7.437    result_OBUF[5]
    K15                  OBUF (Prop_obuf_I_O)         2.608    10.045 r  result_OBUF[5]_inst/O
                         net (fo=0)                   0.000    10.045    result[5]
    K15                                                               r  result[5]
  -------------------------------------------------------------------    -------------------

Slack:                    inf
  Source:                 result_reg[7]/C
                            (rising edge-triggered cell FDCE clocked by sys_clk  {rise@0.000ns fall@2.500ns period=5.000ns})
  Destination:            result[7]
                            (output port)
  Path Group:             (none)
  Path Type:              Max at Slow Process Corner
  Data Path Delay:        5.439ns  (logic 3.064ns (56.343%)  route 2.374ns (43.657%))
  Logic Levels:           1  (OBUF=1)
  Clock Uncertainty:      0.025ns  ((TSJ^2 + TIJ^2)^1/2 + DJ) / 2 + PE
    Total System Jitter     (TSJ):    0.050ns
    Total Input Jitter      (TIJ):    0.000ns
    Discrete Jitter          (DJ):    0.000ns
    Phase Error              (PE):    0.000ns

    Location             Delay type                Incr(ns)  Path(ns)    Netlist Resource(s)
  -------------------------------------------------------------------    -------------------
                         (clock sys_clk rise edge)    0.000     0.000 r  <hidden>
    P15                                               0.000     0.000 r  clk
                         net (fo=0)                   0.000     0.000    clk
    P15                  IBUF (Prop_ibuf_I_O)         0.951     0.951 r  clk_IBUF_inst/O
                         net (fo=1, routed)           1.966     2.916    clk_IBUF
    BUFGCTRL_X0Y0        BUFG (Prop_bufg_I_O)         0.096     3.012 r  clk_IBUF_BUFG_inst/O
                         net (fo=56, routed)          1.544     4.557    clk_IBUF_BUFG
    SLICE_X11Y26         FDCE                                         r  result_reg[7]/C
  -------------------------------------------------------------------    -------------------
    SLICE_X11Y26         FDCE (Prop_fdce_C_Q)         0.456     5.013 r  result_reg[7]/Q
                         net (fo=1, routed)           2.374     7.387    result_OBUF[7]
    L18                  OBUF (Prop_obuf_I_O)         2.608     9.995 r  result_OBUF[7]_inst/O
                         net (fo=0)                   0.000     9.995    result[7]
    L18                                                               r  result[7]
  -------------------------------------------------------------------    -------------------





Min Delay Paths
--------------------------------------------------------------------------------------
Slack:                    inf
  Source:                 result_reg[0]/C
                            (rising edge-triggered cell FDCE clocked by sys_clk  {rise@0.000ns fall@2.500ns period=5.000ns})
  Destination:            result[0]
                            (output port)
  Path Group:             (none)
  Path Type:              Min at Fast Process Corner
  Data Path Delay:        1.857ns  (logic 1.274ns (68.605%)  route 0.583ns (31.395%))
  Logic Levels:           1  (OBUF=1)
  Clock Uncertainty:      0.025ns  ((TSJ^2 + TIJ^2)^1/2 + DJ) / 2 + PE
    Total System Jitter     (TSJ):    0.050ns
    Total Input Jitter      (TIJ):    0.000ns
    Discrete Jitter          (DJ):    0.000ns
    Phase Error              (PE):    0.000ns

    Location             Delay type                Incr(ns)  Path(ns)    Netlist Resource(s)
  -------------------------------------------------------------------    -------------------
                         (clock sys_clk rise edge)    0.000     0.000 r  <hidden>
    P15                                               0.000     0.000 r  clk
                         net (fo=0)                   0.000     0.000    clk
    P15                  IBUF (Prop_ibuf_I_O)         0.180     0.180 r  clk_IBUF_inst/O
                         net (fo=1, routed)           0.631     0.811    clk_IBUF
    BUFGCTRL_X0Y0        BUFG (Prop_bufg_I_O)         0.026     0.837 r  clk_IBUF_BUFG_inst/O
                         net (fo=56, routed)          0.551     1.388    clk_IBUF_BUFG
    SLICE_X11Y26         FDCE                                         r  result_reg[0]/C
  -------------------------------------------------------------------    -------------------
    SLICE_X11Y26         FDCE (Prop_fdce_C_Q)         0.141     1.529 r  result_reg[0]/Q
                         net (fo=1, routed)           0.583     2.112    result_OBUF[0]
    M14                  OBUF (Prop_obuf_I_O)         1.133     3.244 r  result_OBUF[0]_inst/O
                         net (fo=0)                   0.000     3.244    result[0]
    M14                                                               r  result[0]
  -------------------------------------------------------------------    -------------------

Slack:                    inf
  Source:                 result_reg[1]/C
                            (rising edge-triggered cell FDCE clocked by sys_clk  {rise@0.000ns fall@2.500ns period=5.000ns})
  Destination:            result[1]
                            (output port)
  Path Group:             (none)
  Path Type:              Min at Fast Process Corner
  Data Path Delay:        1.860ns  (logic 1.266ns (68.068%)  route 0.594ns (31.932%))
  Logic Levels:           1  (OBUF=1)
  Clock Uncertainty:      0.025ns  ((TSJ^2 + TIJ^2)^1/2 + DJ) / 2 + PE
    Total System Jitter     (TSJ):    0.050ns
    Total Input Jitter      (TIJ):    0.000ns
    Discrete Jitter          (DJ):    0.000ns
    Phase Error              (PE):    0.000ns

    Location             Delay type                Incr(ns)  Path(ns)    Netlist Resource(s)
  -------------------------------------------------------------------    -------------------
                         (clock sys_clk rise edge)    0.000     0.000 r  <hidden>
    P15                                               0.000     0.000 r  clk
                         net (fo=0)                   0.000     0.000    clk
    P15                  IBUF (Prop_ibuf_I_O)         0.180     0.180 r  clk_IBUF_inst/O
                         net (fo=1, routed)           0.631     0.811    clk_IBUF
    BUFGCTRL_X0Y0        BUFG (Prop_bufg_I_O)         0.026     0.837 r  clk_IBUF_BUFG_inst/O
                         net (fo=56, routed)          0.550     1.387    clk_IBUF_BUFG
    SLICE_X11Y25         FDCE                                         r  result_reg[1]/C
  -------------------------------------------------------------------    -------------------
    SLICE_X11Y25         FDCE (Prop_fdce_C_Q)         0.141     1.528 r  result_reg[1]/Q
                         net (fo=1, routed)           0.594     2.122    result_OBUF[1]
    M17                  OBUF (Prop_obuf_I_O)         1.125     3.247 r  result_OBUF[1]_inst/O
                         net (fo=0)                   0.000     3.247    result[1]
    M17                                                               r  result[1]
  -------------------------------------------------------------------    -------------------

Slack:                    inf
  Source:                 result_reg[4]/C
                            (rising edge-triggered cell FDCE clocked by sys_clk  {rise@0.000ns fall@2.500ns period=5.000ns})
  Destination:            result[4]
                            (output port)
  Path Group:             (none)
  Path Type:              Min at Fast Process Corner
  Data Path Delay:        1.911ns  (logic 1.254ns (65.592%)  route 0.658ns (34.408%))
  Logic Levels:           1  (OBUF=1)
  Clock Uncertainty:      0.025ns  ((TSJ^2 + TIJ^2)^1/2 + DJ) / 2 + PE
    Total System Jitter     (TSJ):    0.050ns
    Total Input Jitter      (TIJ):    0.000ns
    Discrete Jitter          (DJ):    0.000ns
    Phase Error              (PE):    0.000ns

    Location             Delay type                Incr(ns)  Path(ns)    Netlist Resource(s)
  -------------------------------------------------------------------    -------------------
                         (clock sys_clk rise edge)    0.000     0.000 r  <hidden>
    P15                                               0.000     0.000 r  clk
                         net (fo=0)                   0.000     0.000    clk
    P15                  IBUF (Prop_ibuf_I_O)         0.180     0.180 r  clk_IBUF_inst/O
                         net (fo=1, routed)           0.631     0.811    clk_IBUF
    BUFGCTRL_X0Y0        BUFG (Prop_bufg_I_O)         0.026     0.837 r  clk_IBUF_BUFG_inst/O
                         net (fo=56, routed)          0.553     1.390    clk_IBUF_BUFG
    SLICE_X11Y27         FDCE                                         r  result_reg[4]/C
  -------------------------------------------------------------------    -------------------
    SLICE_X11Y27         FDCE (Prop_fdce_C_Q)         0.141     1.531 r  result_reg[4]/Q
                         net (fo=1, routed)           0.658     2.188    result_OBUF[4]
    L15                  OBUF (Prop_obuf_I_O)         1.113     3.301 r  result_OBUF[4]_inst/O
                         net (fo=0)                   0.000     3.301    result[4]
    L15                                                               r  result[4]
  -------------------------------------------------------------------    -------------------

Slack:                    inf
  Source:                 result_reg[2]/C
                            (rising edge-triggered cell FDCE clocked by sys_clk  {rise@0.000ns fall@2.500ns period=5.000ns})
  Destination:            result[2]
                            (output port)
  Path Group:             (none)
  Path Type:              Min at Fast Process Corner
  Data Path Delay:        1.939ns  (logic 1.267ns (65.346%)  route 0.672ns (34.654%))
  Logic Levels:           1  (OBUF=1)
  Clock Uncertainty:      0.025ns  ((TSJ^2 + TIJ^2)^1/2 + DJ) / 2 + PE
    Total System Jitter     (TSJ):    0.050ns
    Total Input Jitter      (TIJ):    0.000ns
    Discrete Jitter          (DJ):    0.000ns
    Phase Error              (PE):    0.000ns

    Location             Delay type                Incr(ns)  Path(ns)    Netlist Resource(s)
  -------------------------------------------------------------------    -------------------
                         (clock sys_clk rise edge)    0.000     0.000 r  <hidden>
    P15                                               0.000     0.000 r  clk
                         net (fo=0)                   0.000     0.000    clk
    P15                  IBUF (Prop_ibuf_I_O)         0.180     0.180 r  clk_IBUF_inst/O
                         net (fo=1, routed)           0.631     0.811    clk_IBUF
    BUFGCTRL_X0Y0        BUFG (Prop_bufg_I_O)         0.026     0.837 r  clk_IBUF_BUFG_inst/O
                         net (fo=56, routed)          0.550     1.387    clk_IBUF_BUFG
    SLICE_X13Y25         FDCE                                         r  result_reg[2]/C
  -------------------------------------------------------------------    -------------------
    SLICE_X13Y25         FDCE (Prop_fdce_C_Q)         0.141     1.528 r  result_reg[2]/Q
                         net (fo=1, routed)           0.672     2.200    result_OBUF[2]
    M16                  OBUF (Prop_obuf_I_O)         1.126     3.326 r  result_OBUF[2]_inst/O
                         net (fo=0)                   0.000     3.326    result[2]
    M16                                                               r  result[2]
  -------------------------------------------------------------------    -------------------

Slack:                    inf
  Source:                 result_reg[6]/C
                            (rising edge-triggered cell FDCE clocked by sys_clk  {rise@0.000ns fall@2.500ns period=5.000ns})
  Destination:            result[6]
                            (output port)
  Path Group:             (none)
  Path Type:              Min at Fast Process Corner
  Data Path Delay:        1.939ns  (logic 1.263ns (65.143%)  route 0.676ns (34.857%))
  Logic Levels:           1  (OBUF=1)
  Clock Uncertainty:      0.025ns  ((TSJ^2 + TIJ^2)^1/2 + DJ) / 2 + PE
    Total System Jitter     (TSJ):    0.050ns
    Total Input Jitter      (TIJ):    0.000ns
    Discrete Jitter          (DJ):    0.000ns
    Phase Error              (PE):    0.000ns

    Location             Delay type                Incr(ns)  Path(ns)    Netlist Resource(s)
  -------------------------------------------------------------------    -------------------
                         (clock sys_clk rise edge)    0.000     0.000 r  <hidden>
    P15                                               0.000     0.000 r  clk
                         net (fo=0)                   0.000     0.000    clk
    P15                  IBUF (Prop_ibuf_I_O)         0.180     0.180 r  clk_IBUF_inst/O
                         net (fo=1, routed)           0.631     0.811    clk_IBUF
    BUFGCTRL_X0Y0        BUFG (Prop_bufg_I_O)         0.026     0.837 r  clk_IBUF_BUFG_inst/O
                         net (fo=56, routed)          0.551     1.388    clk_IBUF_BUFG
    SLICE_X11Y26         FDCE                                         r  result_reg[6]/C
  -------------------------------------------------------------------    -------------------
    SLICE_X11Y26         FDCE (Prop_fdce_C_Q)         0.141     1.529 r  result_reg[6]/Q
                         net (fo=1, routed)           0.676     2.204    result_OBUF[6]
    J14                  OBUF (Prop_obuf_I_O)         1.122     3.327 r  result_OBUF[6]_inst/O
                         net (fo=0)                   0.000     3.327    result[6]
    J14                                                               r  result[6]
  -------------------------------------------------------------------    -------------------

Slack:                    inf
  Source:                 result_reg[3]/C
                            (rising edge-triggered cell FDCE clocked by sys_clk  {rise@0.000ns fall@2.500ns period=5.000ns})
  Destination:            result[3]
                            (output port)
  Path Group:             (none)
  Path Type:              Min at Fast Process Corner
  Data Path Delay:        1.947ns  (logic 1.255ns (64.468%)  route 0.692ns (35.532%))
  Logic Levels:           1  (OBUF=1)
  Clock Uncertainty:      0.025ns  ((TSJ^2 + TIJ^2)^1/2 + DJ) / 2 + PE
    Total System Jitter     (TSJ):    0.050ns
    Total Input Jitter      (TIJ):    0.000ns
    Discrete Jitter          (DJ):    0.000ns
    Phase Error              (PE):    0.000ns

    Location             Delay type                Incr(ns)  Path(ns)    Netlist Resource(s)
  -------------------------------------------------------------------    -------------------
                         (clock sys_clk rise edge)    0.000     0.000 r  <hidden>
    P15                                               0.000     0.000 r  clk
                         net (fo=0)                   0.000     0.000    clk
    P15                  IBUF (Prop_ibuf_I_O)         0.180     0.180 r  clk_IBUF_inst/O
                         net (fo=1, routed)           0.631     0.811    clk_IBUF
    BUFGCTRL_X0Y0        BUFG (Prop_bufg_I_O)         0.026     0.837 r  clk_IBUF_BUFG_inst/O
                         net (fo=56, routed)          0.550     1.387    clk_IBUF_BUFG
    SLICE_X13Y25         FDCE                                         r  result_reg[3]/C
  -------------------------------------------------------------------    -------------------
    SLICE_X13Y25         FDCE (Prop_fdce_C_Q)         0.141     1.528 r  result_reg[3]/Q
                         net (fo=1, routed)           0.692     2.219    result_OBUF[3]
    M15                  OBUF (Prop_obuf_I_O)         1.114     3.334 r  result_OBUF[3]_inst/O
                         net (fo=0)                   0.000     3.334    result[3]
    M15                                                               r  result[3]
  -------------------------------------------------------------------    -------------------

Slack:                    inf
  Source:                 result_reg[7]/C
                            (rising edge-triggered cell FDCE clocked by sys_clk  {rise@0.000ns fall@2.500ns period=5.000ns})
  Destination:            result[7]
                            (output port)
  Path Group:             (none)
  Path Type:              Min at Fast Process Corner
  Data Path Delay:        1.947ns  (logic 1.266ns (65.050%)  route 0.680ns (34.950%))
  Logic Levels:           1  (OBUF=1)
  Clock Uncertainty:      0.025ns  ((TSJ^2 + TIJ^2)^1/2 + DJ) / 2 + PE
    Total System Jitter     (TSJ):    0.050ns
    Total Input Jitter      (TIJ):    0.000ns
    Discrete Jitter          (DJ):    0.000ns
    Phase Error              (PE):    0.000ns

    Location             Delay type                Incr(ns)  Path(ns)    Netlist Resource(s)
  -------------------------------------------------------------------    -------------------
                         (clock sys_clk rise edge)    0.000     0.000 r  <hidden>
    P15                                               0.000     0.000 r  clk
                         net (fo=0)                   0.000     0.000    clk
    P15                  IBUF (Prop_ibuf_I_O)         0.180     0.180 r  clk_IBUF_inst/O
                         net (fo=1, routed)           0.631     0.811    clk_IBUF
    BUFGCTRL_X0Y0        BUFG (Prop_bufg_I_O)         0.026     0.837 r  clk_IBUF_BUFG_inst/O
                         net (fo=56, routed)          0.551     1.388    clk_IBUF_BUFG
    SLICE_X11Y26         FDCE                                         r  result_reg[7]/C
  -------------------------------------------------------------------    -------------------
    SLICE_X11Y26         FDCE (Prop_fdce_C_Q)         0.141     1.529 r  result_reg[7]/Q
                         net (fo=1, routed)           0.680     2.209    result_OBUF[7]
    L18                  OBUF (Prop_obuf_I_O)         1.125     3.334 r  result_OBUF[7]_inst/O
                         net (fo=0)                   0.000     3.334    result[7]
    L18                                                               r  result[7]
  -------------------------------------------------------------------    -------------------

Slack:                    inf
  Source:                 result_reg[5]/C
                            (rising edge-triggered cell FDCE clocked by sys_clk  {rise@0.000ns fall@2.500ns period=5.000ns})
  Destination:            result[5]
                            (output port)
  Path Group:             (none)
  Path Type:              Min at Fast Process Corner
  Data Path Delay:        1.960ns  (logic 1.289ns (65.774%)  route 0.671ns (34.226%))
  Logic Levels:           1  (OBUF=1)
  Clock Uncertainty:      0.025ns  ((TSJ^2 + TIJ^2)^1/2 + DJ) / 2 + PE
    Total System Jitter     (TSJ):    0.050ns
    Total Input Jitter      (TIJ):    0.000ns
    Discrete Jitter          (DJ):    0.000ns
    Phase Error              (PE):    0.000ns

    Location             Delay type                Incr(ns)  Path(ns)    Netlist Resource(s)
  -------------------------------------------------------------------    -------------------
                         (clock sys_clk rise edge)    0.000     0.000 r  <hidden>
    P15                                               0.000     0.000 r  clk
                         net (fo=0)                   0.000     0.000    clk
    P15                  IBUF (Prop_ibuf_I_O)         0.180     0.180 r  clk_IBUF_inst/O
                         net (fo=1, routed)           0.631     0.811    clk_IBUF
    BUFGCTRL_X0Y0        BUFG (Prop_bufg_I_O)         0.026     0.837 r  clk_IBUF_BUFG_inst/O
                         net (fo=56, routed)          0.550     1.387    clk_IBUF_BUFG
    SLICE_X10Y25         FDCE                                         r  result_reg[5]/C
  -------------------------------------------------------------------    -------------------
    SLICE_X10Y25         FDCE (Prop_fdce_C_Q)         0.164     1.551 r  result_reg[5]/Q
                         net (fo=1, routed)           0.671     2.221    result_OBUF[5]
    K15                  OBUF (Prop_obuf_I_O)         1.125     3.347 r  result_OBUF[5]_inst/O
                         net (fo=0)                   0.000     3.347    result[5]
    K15                                                               r  result[5]
  -------------------------------------------------------------------    -------------------

Slack:                    inf
  Source:                 result_reg[8]/C
                            (rising edge-triggered cell FDCE clocked by sys_clk  {rise@0.000ns fall@2.500ns period=5.000ns})
  Destination:            result[8]
                            (output port)
  Path Group:             (none)
  Path Type:              Min at Fast Process Corner
  Data Path Delay:        1.987ns  (logic 1.314ns (66.113%)  route 0.673ns (33.887%))
  Logic Levels:           1  (OBUF=1)
  Clock Uncertainty:      0.025ns  ((TSJ^2 + TIJ^2)^1/2 + DJ) / 2 + PE
    Total System Jitter     (TSJ):    0.050ns
    Total Input Jitter      (TIJ):    0.000ns
    Discrete Jitter          (DJ):    0.000ns
    Phase Error              (PE):    0.000ns

    Location             Delay type                Incr(ns)  Path(ns)    Netlist Resource(s)
  -------------------------------------------------------------------    -------------------
                         (clock sys_clk rise edge)    0.000     0.000 r  <hidden>
    P15                                               0.000     0.000 r  clk
                         net (fo=0)                   0.000     0.000    clk
    P15                  IBUF (Prop_ibuf_I_O)         0.180     0.180 r  clk_IBUF_inst/O
                         net (fo=1, routed)           0.631     0.811    clk_IBUF
    BUFGCTRL_X0Y0        BUFG (Prop_bufg_I_O)         0.026     0.837 r  clk_IBUF_BUFG_inst/O
                         net (fo=56, routed)          0.553     1.390    clk_IBUF_BUFG
    SLICE_X11Y27         FDCE                                         r  result_reg[8]/C
  -------------------------------------------------------------------    -------------------
    SLICE_X11Y27         FDCE (Prop_fdce_C_Q)         0.128     1.518 r  result_reg[8]/Q
                         net (fo=1, routed)           0.673     2.191    result_OBUF[8]
    K17                  OBUF (Prop_obuf_I_O)         1.186     3.376 r  result_OBUF[8]_inst/O
                         net (fo=0)                   0.000     3.376    result[8]
    K17                                                               r  result[8]
  -------------------------------------------------------------------    -------------------

Slack:                    inf
  Source:                 result_reg[12]/C
                            (rising edge-triggered cell FDCE clocked by sys_clk  {rise@0.000ns fall@2.500ns period=5.000ns})
  Destination:            result[12]
                            (output port)
  Path Group:             (none)
  Path Type:              Min at Fast Process Corner
  Data Path Delay:        2.006ns  (logic 1.302ns (64.936%)  route 0.703ns (35.064%))
  Logic Levels:           1  (OBUF=1)
  Clock Uncertainty:      0.025ns  ((TSJ^2 + TIJ^2)^1/2 + DJ) / 2 + PE
    Total System Jitter     (TSJ):    0.050ns
    Total Input Jitter      (TIJ):    0.000ns
    Discrete Jitter          (DJ):    0.000ns
    Phase Error              (PE):    0.000ns

    Location             Delay type                Incr(ns)  Path(ns)    Netlist Resource(s)
  -------------------------------------------------------------------    -------------------
                         (clock sys_clk rise edge)    0.000     0.000 r  <hidden>
    P15                                               0.000     0.000 r  clk
                         net (fo=0)                   0.000     0.000    clk
    P15                  IBUF (Prop_ibuf_I_O)         0.180     0.180 r  clk_IBUF_inst/O
                         net (fo=1, routed)           0.631     0.811    clk_IBUF
    BUFGCTRL_X0Y0        BUFG (Prop_bufg_I_O)         0.026     0.837 r  clk_IBUF_BUFG_inst/O
                         net (fo=56, routed)          0.553     1.390    clk_IBUF_BUFG
    SLICE_X11Y28         FDCE                                         r  result_reg[12]/C
  -------------------------------------------------------------------    -------------------
    SLICE_X11Y28         FDCE (Prop_fdce_C_Q)         0.128     1.518 r  result_reg[12]/Q
                         net (fo=1, routed)           0.703     2.221    result_OBUF[12]
    J15                  OBUF (Prop_obuf_I_O)         1.174     3.395 r  result_OBUF[12]_inst/O
                         net (fo=0)                   0.000     3.395    result[12]
    J15                                                               r  result[12]
  -------------------------------------------------------------------    -------------------





--------------------------------------------------------------------------------------
Path Group:  (none)
From Clock:  
  To Clock:  sys_clk

Max Delay            96 Endpoints
Min Delay            96 Endpoints
--------------------------------------------------------------------------------------


Max Delay Paths
--------------------------------------------------------------------------------------
Slack:                    inf
  Source:                 rst
                            (input port)
  Destination:            c_reg_reg[4]/CLR
                            (recovery check against rising-edge clock sys_clk  {rise@0.000ns fall@2.500ns period=5.000ns})
  Path Group:             (none)
  Path Type:              Recovery (Max at Slow Process Corner)
  Data Path Delay:        3.446ns  (logic 0.957ns (27.762%)  route 2.489ns (72.238%))
  Logic Levels:           1  (IBUF=1)
  Clock Path Skew:        4.199ns (DCD - SCD + CPR)
    Destination Clock Delay (DCD):    4.199ns
    Source Clock Delay      (SCD):    0.000ns
    Clock Pessimism Removal (CPR):    0.000ns
  Clock Uncertainty:      0.025ns  ((TSJ^2 + TIJ^2)^1/2 + DJ) / 2 + PE
    Total System Jitter     (TSJ):    0.050ns
    Total Input Jitter      (TIJ):    0.000ns
    Discrete Jitter          (DJ):    0.000ns
    Phase Error              (PE):    0.000ns

    Location             Delay type                Incr(ns)  Path(ns)    Netlist Resource(s)
  -------------------------------------------------------------------    -------------------
    N14                                               0.000     0.000 f  rst
                         net (fo=0)                   0.000     0.000    rst
    N14                  IBUF (Prop_ibuf_I_O)         0.957     0.957 f  rst_IBUF_inst/O
                         net (fo=56, routed)          2.489     3.446    rst_IBUF
    SLICE_X15Y27         FDCE                                         f  c_reg_reg[4]/CLR
  -------------------------------------------------------------------    -------------------

                         (clock sys_clk rise edge)    0.000     0.000 r  <hidden>
    P15                                               0.000     0.000 r  clk
                         net (fo=0)                   0.000     0.000    clk
    P15                  IBUF (Prop_ibuf_I_O)         0.817     0.817 r  clk_IBUF_inst/O
                         net (fo=1, routed)           1.862     2.679    clk_IBUF
    BUFGCTRL_X0Y0        BUFG (Prop_bufg_I_O)         0.091     2.770 r  clk_IBUF_BUFG_inst/O
                         net (fo=56, routed)          1.428     4.199    clk_IBUF_BUFG
    SLICE_X15Y27         FDCE                                         r  c_reg_reg[4]/C

Slack:                    inf
  Source:                 rst
                            (input port)
  Destination:            c_reg_reg[7]/CLR
                            (recovery check against rising-edge clock sys_clk  {rise@0.000ns fall@2.500ns period=5.000ns})
  Path Group:             (none)
  Path Type:              Recovery (Max at Slow Process Corner)
  Data Path Delay:        3.446ns  (logic 0.957ns (27.762%)  route 2.489ns (72.238%))
  Logic Levels:           1  (IBUF=1)
  Clock Path Skew:        4.199ns (DCD - SCD + CPR)
    Destination Clock Delay (DCD):    4.199ns
    Source Clock Delay      (SCD):    0.000ns
    Clock Pessimism Removal (CPR):    0.000ns
  Clock Uncertainty:      0.025ns  ((TSJ^2 + TIJ^2)^1/2 + DJ) / 2 + PE
    Total System Jitter     (TSJ):    0.050ns
    Total Input Jitter      (TIJ):    0.000ns
    Discrete Jitter          (DJ):    0.000ns
    Phase Error              (PE):    0.000ns

    Location             Delay type                Incr(ns)  Path(ns)    Netlist Resource(s)
  -------------------------------------------------------------------    -------------------
    N14                                               0.000     0.000 f  rst
                         net (fo=0)                   0.000     0.000    rst
    N14                  IBUF (Prop_ibuf_I_O)         0.957     0.957 f  rst_IBUF_inst/O
                         net (fo=56, routed)          2.489     3.446    rst_IBUF
    SLICE_X15Y27         FDCE                                         f  c_reg_reg[7]/CLR
  -------------------------------------------------------------------    -------------------

                         (clock sys_clk rise edge)    0.000     0.000 r  <hidden>
    P15                                               0.000     0.000 r  clk
                         net (fo=0)                   0.000     0.000    clk
    P15                  IBUF (Prop_ibuf_I_O)         0.817     0.817 r  clk_IBUF_inst/O
                         net (fo=1, routed)           1.862     2.679    clk_IBUF
    BUFGCTRL_X0Y0        BUFG (Prop_bufg_I_O)         0.091     2.770 r  clk_IBUF_BUFG_inst/O
                         net (fo=56, routed)          1.428     4.199    clk_IBUF_BUFG
    SLICE_X15Y27         FDCE                                         r  c_reg_reg[7]/C

Slack:                    inf
  Source:                 rst
                            (input port)
  Destination:            d_reg_reg[4]/CLR
                            (recovery check against rising-edge clock sys_clk  {rise@0.000ns fall@2.500ns period=5.000ns})
  Path Group:             (none)
  Path Type:              Recovery (Max at Slow Process Corner)
  Data Path Delay:        3.446ns  (logic 0.957ns (27.762%)  route 2.489ns (72.238%))
  Logic Levels:           1  (IBUF=1)
  Clock Path Skew:        4.199ns (DCD - SCD + CPR)
    Destination Clock Delay (DCD):    4.199ns
    Source Clock Delay      (SCD):    0.000ns
    Clock Pessimism Removal (CPR):    0.000ns
  Clock Uncertainty:      0.025ns  ((TSJ^2 + TIJ^2)^1/2 + DJ) / 2 + PE
    Total System Jitter     (TSJ):    0.050ns
    Total Input Jitter      (TIJ):    0.000ns
    Discrete Jitter          (DJ):    0.000ns
    Phase Error              (PE):    0.000ns

    Location             Delay type                Incr(ns)  Path(ns)    Netlist Resource(s)
  -------------------------------------------------------------------    -------------------
    N14                                               0.000     0.000 f  rst
                         net (fo=0)                   0.000     0.000    rst
    N14                  IBUF (Prop_ibuf_I_O)         0.957     0.957 f  rst_IBUF_inst/O
                         net (fo=56, routed)          2.489     3.446    rst_IBUF
    SLICE_X15Y27         FDCE                                         f  d_reg_reg[4]/CLR
  -------------------------------------------------------------------    -------------------

                         (clock sys_clk rise edge)    0.000     0.000 r  <hidden>
    P15                                               0.000     0.000 r  clk
                         net (fo=0)                   0.000     0.000    clk
    P15                  IBUF (Prop_ibuf_I_O)         0.817     0.817 r  clk_IBUF_inst/O
                         net (fo=1, routed)           1.862     2.679    clk_IBUF
    BUFGCTRL_X0Y0        BUFG (Prop_bufg_I_O)         0.091     2.770 r  clk_IBUF_BUFG_inst/O
                         net (fo=56, routed)          1.428     4.199    clk_IBUF_BUFG
    SLICE_X15Y27         FDCE                                         r  d_reg_reg[4]/C

Slack:                    inf
  Source:                 rst
                            (input port)
  Destination:            d_reg_reg[6]/CLR
                            (recovery check against rising-edge clock sys_clk  {rise@0.000ns fall@2.500ns period=5.000ns})
  Path Group:             (none)
  Path Type:              Recovery (Max at Slow Process Corner)
  Data Path Delay:        3.446ns  (logic 0.957ns (27.762%)  route 2.489ns (72.238%))
  Logic Levels:           1  (IBUF=1)
  Clock Path Skew:        4.199ns (DCD - SCD + CPR)
    Destination Clock Delay (DCD):    4.199ns
    Source Clock Delay      (SCD):    0.000ns
    Clock Pessimism Removal (CPR):    0.000ns
  Clock Uncertainty:      0.025ns  ((TSJ^2 + TIJ^2)^1/2 + DJ) / 2 + PE
    Total System Jitter     (TSJ):    0.050ns
    Total Input Jitter      (TIJ):    0.000ns
    Discrete Jitter          (DJ):    0.000ns
    Phase Error              (PE):    0.000ns

    Location             Delay type                Incr(ns)  Path(ns)    Netlist Resource(s)
  -------------------------------------------------------------------    -------------------
    N14                                               0.000     0.000 f  rst
                         net (fo=0)                   0.000     0.000    rst
    N14                  IBUF (Prop_ibuf_I_O)         0.957     0.957 f  rst_IBUF_inst/O
                         net (fo=56, routed)          2.489     3.446    rst_IBUF
    SLICE_X15Y27         FDCE                                         f  d_reg_reg[6]/CLR
  -------------------------------------------------------------------    -------------------

                         (clock sys_clk rise edge)    0.000     0.000 r  <hidden>
    P15                                               0.000     0.000 r  clk
                         net (fo=0)                   0.000     0.000    clk
    P15                  IBUF (Prop_ibuf_I_O)         0.817     0.817 r  clk_IBUF_inst/O
                         net (fo=1, routed)           1.862     2.679    clk_IBUF
    BUFGCTRL_X0Y0        BUFG (Prop_bufg_I_O)         0.091     2.770 r  clk_IBUF_BUFG_inst/O
                         net (fo=56, routed)          1.428     4.199    clk_IBUF_BUFG
    SLICE_X15Y27         FDCE                                         r  d_reg_reg[6]/C

Slack:                    inf
  Source:                 rst
                            (input port)
  Destination:            c_reg_reg[0]/CLR
                            (recovery check against rising-edge clock sys_clk  {rise@0.000ns fall@2.500ns period=5.000ns})
  Path Group:             (none)
  Path Type:              Recovery (Max at Slow Process Corner)
  Data Path Delay:        3.296ns  (logic 0.957ns (29.028%)  route 2.339ns (70.972%))
  Logic Levels:           1  (IBUF=1)
  Clock Path Skew:        4.198ns (DCD - SCD + CPR)
    Destination Clock Delay (DCD):    4.198ns
    Source Clock Delay      (SCD):    0.000ns
    Clock Pessimism Removal (CPR):    0.000ns
  Clock Uncertainty:      0.025ns  ((TSJ^2 + TIJ^2)^1/2 + DJ) / 2 + PE
    Total System Jitter     (TSJ):    0.050ns
    Total Input Jitter      (TIJ):    0.000ns
    Discrete Jitter          (DJ):    0.000ns
    Phase Error              (PE):    0.000ns

    Location             Delay type                Incr(ns)  Path(ns)    Netlist Resource(s)
  -------------------------------------------------------------------    -------------------
    N14                                               0.000     0.000 f  rst
                         net (fo=0)                   0.000     0.000    rst
    N14                  IBUF (Prop_ibuf_I_O)         0.957     0.957 f  rst_IBUF_inst/O
                         net (fo=56, routed)          2.339     3.296    rst_IBUF
    SLICE_X15Y26         FDCE                                         f  c_reg_reg[0]/CLR
  -------------------------------------------------------------------    -------------------

                         (clock sys_clk rise edge)    0.000     0.000 r  <hidden>
    P15                                               0.000     0.000 r  clk
                         net (fo=0)                   0.000     0.000    clk
    P15                  IBUF (Prop_ibuf_I_O)         0.817     0.817 r  clk_IBUF_inst/O
                         net (fo=1, routed)           1.862     2.679    clk_IBUF
    BUFGCTRL_X0Y0        BUFG (Prop_bufg_I_O)         0.091     2.770 r  clk_IBUF_BUFG_inst/O
                         net (fo=56, routed)          1.427     4.198    clk_IBUF_BUFG
    SLICE_X15Y26         FDCE                                         r  c_reg_reg[0]/C

Slack:                    inf
  Source:                 rst
                            (input port)
  Destination:            c_reg_reg[2]/CLR
                            (recovery check against rising-edge clock sys_clk  {rise@0.000ns fall@2.500ns period=5.000ns})
  Path Group:             (none)
  Path Type:              Recovery (Max at Slow Process Corner)
  Data Path Delay:        3.296ns  (logic 0.957ns (29.028%)  route 2.339ns (70.972%))
  Logic Levels:           1  (IBUF=1)
  Clock Path Skew:        4.198ns (DCD - SCD + CPR)
    Destination Clock Delay (DCD):    4.198ns
    Source Clock Delay      (SCD):    0.000ns
    Clock Pessimism Removal (CPR):    0.000ns
  Clock Uncertainty:      0.025ns  ((TSJ^2 + TIJ^2)^1/2 + DJ) / 2 + PE
    Total System Jitter     (TSJ):    0.050ns
    Total Input Jitter      (TIJ):    0.000ns
    Discrete Jitter          (DJ):    0.000ns
    Phase Error              (PE):    0.000ns

    Location             Delay type                Incr(ns)  Path(ns)    Netlist Resource(s)
  -------------------------------------------------------------------    -------------------
    N14                                               0.000     0.000 f  rst
                         net (fo=0)                   0.000     0.000    rst
    N14                  IBUF (Prop_ibuf_I_O)         0.957     0.957 f  rst_IBUF_inst/O
                         net (fo=56, routed)          2.339     3.296    rst_IBUF
    SLICE_X15Y26         FDCE                                         f  c_reg_reg[2]/CLR
  -------------------------------------------------------------------    -------------------

                         (clock sys_clk rise edge)    0.000     0.000 r  <hidden>
    P15                                               0.000     0.000 r  clk
                         net (fo=0)                   0.000     0.000    clk
    P15                  IBUF (Prop_ibuf_I_O)         0.817     0.817 r  clk_IBUF_inst/O
                         net (fo=1, routed)           1.862     2.679    clk_IBUF
    BUFGCTRL_X0Y0        BUFG (Prop_bufg_I_O)         0.091     2.770 r  clk_IBUF_BUFG_inst/O
                         net (fo=56, routed)          1.427     4.198    clk_IBUF_BUFG
    SLICE_X15Y26         FDCE                                         r  c_reg_reg[2]/C

Slack:                    inf
  Source:                 rst
                            (input port)
  Destination:            d_reg_reg[0]/CLR
                            (recovery check against rising-edge clock sys_clk  {rise@0.000ns fall@2.500ns period=5.000ns})
  Path Group:             (none)
  Path Type:              Recovery (Max at Slow Process Corner)
  Data Path Delay:        3.296ns  (logic 0.957ns (29.028%)  route 2.339ns (70.972%))
  Logic Levels:           1  (IBUF=1)
  Clock Path Skew:        4.198ns (DCD - SCD + CPR)
    Destination Clock Delay (DCD):    4.198ns
    Source Clock Delay      (SCD):    0.000ns
    Clock Pessimism Removal (CPR):    0.000ns
  Clock Uncertainty:      0.025ns  ((TSJ^2 + TIJ^2)^1/2 + DJ) / 2 + PE
    Total System Jitter     (TSJ):    0.050ns
    Total Input Jitter      (TIJ):    0.000ns
    Discrete Jitter          (DJ):    0.000ns
    Phase Error              (PE):    0.000ns

    Location             Delay type                Incr(ns)  Path(ns)    Netlist Resource(s)
  -------------------------------------------------------------------    -------------------
    N14                                               0.000     0.000 f  rst
                         net (fo=0)                   0.000     0.000    rst
    N14                  IBUF (Prop_ibuf_I_O)         0.957     0.957 f  rst_IBUF_inst/O
                         net (fo=56, routed)          2.339     3.296    rst_IBUF
    SLICE_X15Y26         FDCE                                         f  d_reg_reg[0]/CLR
  -------------------------------------------------------------------    -------------------

                         (clock sys_clk rise edge)    0.000     0.000 r  <hidden>
    P15                                               0.000     0.000 r  clk
                         net (fo=0)                   0.000     0.000    clk
    P15                  IBUF (Prop_ibuf_I_O)         0.817     0.817 r  clk_IBUF_inst/O
                         net (fo=1, routed)           1.862     2.679    clk_IBUF
    BUFGCTRL_X0Y0        BUFG (Prop_bufg_I_O)         0.091     2.770 r  clk_IBUF_BUFG_inst/O
                         net (fo=56, routed)          1.427     4.198    clk_IBUF_BUFG
    SLICE_X15Y26         FDCE                                         r  d_reg_reg[0]/C

Slack:                    inf
  Source:                 rst
                            (input port)
  Destination:            d_reg_reg[3]/CLR
                            (recovery check against rising-edge clock sys_clk  {rise@0.000ns fall@2.500ns period=5.000ns})
  Path Group:             (none)
  Path Type:              Recovery (Max at Slow Process Corner)
  Data Path Delay:        3.296ns  (logic 0.957ns (29.028%)  route 2.339ns (70.972%))
  Logic Levels:           1  (IBUF=1)
  Clock Path Skew:        4.198ns (DCD - SCD + CPR)
    Destination Clock Delay (DCD):    4.198ns
    Source Clock Delay      (SCD):    0.000ns
    Clock Pessimism Removal (CPR):    0.000ns
  Clock Uncertainty:      0.025ns  ((TSJ^2 + TIJ^2)^1/2 + DJ) / 2 + PE
    Total System Jitter     (TSJ):    0.050ns
    Total Input Jitter      (TIJ):    0.000ns
    Discrete Jitter          (DJ):    0.000ns
    Phase Error              (PE):    0.000ns

    Location             Delay type                Incr(ns)  Path(ns)    Netlist Resource(s)
  -------------------------------------------------------------------    -------------------
    N14                                               0.000     0.000 f  rst
                         net (fo=0)                   0.000     0.000    rst
    N14                  IBUF (Prop_ibuf_I_O)         0.957     0.957 f  rst_IBUF_inst/O
                         net (fo=56, routed)          2.339     3.296    rst_IBUF
    SLICE_X15Y26         FDCE                                         f  d_reg_reg[3]/CLR
  -------------------------------------------------------------------    -------------------

                         (clock sys_clk rise edge)    0.000     0.000 r  <hidden>
    P15                                               0.000     0.000 r  clk
                         net (fo=0)                   0.000     0.000    clk
    P15                  IBUF (Prop_ibuf_I_O)         0.817     0.817 r  clk_IBUF_inst/O
                         net (fo=1, routed)           1.862     2.679    clk_IBUF
    BUFGCTRL_X0Y0        BUFG (Prop_bufg_I_O)         0.091     2.770 r  clk_IBUF_BUFG_inst/O
                         net (fo=56, routed)          1.427     4.198    clk_IBUF_BUFG
    SLICE_X15Y26         FDCE                                         r  d_reg_reg[3]/C

Slack:                    inf
  Source:                 a[2]
                            (input port)
  Destination:            a_reg_reg[2]/D
                            (rising edge-triggered cell FDCE clocked by sys_clk  {rise@0.000ns fall@2.500ns period=5.000ns})
  Path Group:             (none)
  Path Type:              Setup (Max at Slow Process Corner)
  Data Path Delay:        3.224ns  (logic 0.984ns (30.521%)  route 2.240ns (69.479%))
  Logic Levels:           1  (IBUF=1)
  Clock Path Skew:        4.197ns (DCD - SCD + CPR)
    Destination Clock Delay (DCD):    4.197ns
    Source Clock Delay      (SCD):    0.000ns
    Clock Pessimism Removal (CPR):    0.000ns
  Clock Uncertainty:      0.025ns  ((TSJ^2 + TIJ^2)^1/2 + DJ) / 2 + PE
    Total System Jitter     (TSJ):    0.050ns
    Total Input Jitter      (TIJ):    0.000ns
    Discrete Jitter          (DJ):    0.000ns
    Phase Error              (PE):    0.000ns

    Location             Delay type                Incr(ns)  Path(ns)    Netlist Resource(s)
  -------------------------------------------------------------------    -------------------
    F17                                               0.000     0.000 r  a[2]
                         net (fo=0)                   0.000     0.000    a[2]
    F17                  IBUF (Prop_ibuf_I_O)         0.984     0.984 r  a_IBUF[2]_inst/O
                         net (fo=1, routed)           2.240     3.224    a_IBUF[2]
    SLICE_X10Y25         FDCE                                         r  a_reg_reg[2]/D
  -------------------------------------------------------------------    -------------------

                         (clock sys_clk rise edge)    0.000     0.000 r  <hidden>
    P15                                               0.000     0.000 r  clk
                         net (fo=0)                   0.000     0.000    clk
    P15                  IBUF (Prop_ibuf_I_O)         0.817     0.817 r  clk_IBUF_inst/O
                         net (fo=1, routed)           1.862     2.679    clk_IBUF
    BUFGCTRL_X0Y0        BUFG (Prop_bufg_I_O)         0.091     2.770 r  clk_IBUF_BUFG_inst/O
                         net (fo=56, routed)          1.426     4.197    clk_IBUF_BUFG
    SLICE_X10Y25         FDCE                                         r  a_reg_reg[2]/C

Slack:                    inf
  Source:                 rst
                            (input port)
  Destination:            c_reg_reg[5]/CLR
                            (recovery check against rising-edge clock sys_clk  {rise@0.000ns fall@2.500ns period=5.000ns})
  Path Group:             (none)
  Path Type:              Recovery (Max at Slow Process Corner)
  Data Path Delay:        3.160ns  (logic 0.957ns (30.279%)  route 2.203ns (69.721%))
  Logic Levels:           1  (IBUF=1)
  Clock Path Skew:        4.199ns (DCD - SCD + CPR)
    Destination Clock Delay (DCD):    4.199ns
    Source Clock Delay      (SCD):    0.000ns
    Clock Pessimism Removal (CPR):    0.000ns
  Clock Uncertainty:      0.025ns  ((TSJ^2 + TIJ^2)^1/2 + DJ) / 2 + PE
    Total System Jitter     (TSJ):    0.050ns
    Total Input Jitter      (TIJ):    0.000ns
    Discrete Jitter          (DJ):    0.000ns
    Phase Error              (PE):    0.000ns

    Location             Delay type                Incr(ns)  Path(ns)    Netlist Resource(s)
  -------------------------------------------------------------------    -------------------
    N14                                               0.000     0.000 f  rst
                         net (fo=0)                   0.000     0.000    rst
    N14                  IBUF (Prop_ibuf_I_O)         0.957     0.957 f  rst_IBUF_inst/O
                         net (fo=56, routed)          2.203     3.160    rst_IBUF
    SLICE_X13Y27         FDCE                                         f  c_reg_reg[5]/CLR
  -------------------------------------------------------------------    -------------------

                         (clock sys_clk rise edge)    0.000     0.000 r  <hidden>
    P15                                               0.000     0.000 r  clk
                         net (fo=0)                   0.000     0.000    clk
    P15                  IBUF (Prop_ibuf_I_O)         0.817     0.817 r  clk_IBUF_inst/O
                         net (fo=1, routed)           1.862     2.679    clk_IBUF
    BUFGCTRL_X0Y0        BUFG (Prop_bufg_I_O)         0.091     2.770 r  clk_IBUF_BUFG_inst/O
                         net (fo=56, routed)          1.428     4.199    clk_IBUF_BUFG
    SLICE_X13Y27         FDCE                                         r  c_reg_reg[5]/C





Min Delay Paths
--------------------------------------------------------------------------------------
Slack:                    inf
  Source:                 e[3]
                            (input port)
  Destination:            e_reg_reg[3]/D
                            (rising edge-triggered cell FDCE clocked by sys_clk  {rise@0.000ns fall@2.500ns period=5.000ns})
  Path Group:             (none)
  Path Type:              Hold (Min at Fast Process Corner)
  Data Path Delay:        0.675ns  (logic 0.179ns (26.535%)  route 0.496ns (73.465%))
  Logic Levels:           1  (IBUF=1)
  Clock Path Skew:        1.899ns (DCD - SCD - CPR)
    Destination Clock Delay (DCD):    1.899ns
    Source Clock Delay      (SCD):    0.000ns
    Clock Pessimism Removal (CPR):    -0.000ns

    Location             Delay type                Incr(ns)  Path(ns)    Netlist Resource(s)
  -------------------------------------------------------------------    -------------------
    P16                                               0.000     0.000 r  e[3]
                         net (fo=0)                   0.000     0.000    e[3]
    P16                  IBUF (Prop_ibuf_I_O)         0.179     0.179 r  e_IBUF[3]_inst/O
                         net (fo=1, routed)           0.496     0.675    e_IBUF[3]
    SLICE_X11Y26         FDCE                                         r  e_reg_reg[3]/D
  -------------------------------------------------------------------    -------------------

                         (clock sys_clk rise edge)    0.000     0.000 r  <hidden>
    P15                                               0.000     0.000 r  clk
                         net (fo=0)                   0.000     0.000    clk
    P15                  IBUF (Prop_ibuf_I_O)         0.369     0.369 r  clk_IBUF_inst/O
                         net (fo=1, routed)           0.685     1.053    clk_IBUF
    BUFGCTRL_X0Y0        BUFG (Prop_bufg_I_O)         0.029     1.082 r  clk_IBUF_BUFG_inst/O
                         net (fo=56, routed)          0.817     1.899    clk_IBUF_BUFG
    SLICE_X11Y26         FDCE                                         r  e_reg_reg[3]/C

Slack:                    inf
  Source:                 e[4]
                            (input port)
  Destination:            e_reg_reg[4]/D
                            (rising edge-triggered cell FDCE clocked by sys_clk  {rise@0.000ns fall@2.500ns period=5.000ns})
  Path Group:             (none)
  Path Type:              Hold (Min at Fast Process Corner)
  Data Path Delay:        0.677ns  (logic 0.181ns (26.747%)  route 0.496ns (73.253%))
  Logic Levels:           1  (IBUF=1)
  Clock Path Skew:        1.902ns (DCD - SCD - CPR)
    Destination Clock Delay (DCD):    1.902ns
    Source Clock Delay      (SCD):    0.000ns
    Clock Pessimism Removal (CPR):    -0.000ns

    Location             Delay type                Incr(ns)  Path(ns)    Netlist Resource(s)
  -------------------------------------------------------------------    -------------------
    P18                                               0.000     0.000 r  e[4]
                         net (fo=0)                   0.000     0.000    e[4]
    P18                  IBUF (Prop_ibuf_I_O)         0.181     0.181 r  e_IBUF[4]_inst/O
                         net (fo=1, routed)           0.496     0.677    e_IBUF[4]
    SLICE_X10Y28         FDCE                                         r  e_reg_reg[4]/D
  -------------------------------------------------------------------    -------------------

                         (clock sys_clk rise edge)    0.000     0.000 r  <hidden>
    P15                                               0.000     0.000 r  clk
                         net (fo=0)                   0.000     0.000    clk
    P15                  IBUF (Prop_ibuf_I_O)         0.369     0.369 r  clk_IBUF_inst/O
                         net (fo=1, routed)           0.685     1.053    clk_IBUF
    BUFGCTRL_X0Y0        BUFG (Prop_bufg_I_O)         0.029     1.082 r  clk_IBUF_BUFG_inst/O
                         net (fo=56, routed)          0.820     1.902    clk_IBUF_BUFG
    SLICE_X10Y28         FDCE                                         r  e_reg_reg[4]/C

Slack:                    inf
  Source:                 e[6]
                            (input port)
  Destination:            e_reg_reg[6]/D
                            (rising edge-triggered cell FDCE clocked by sys_clk  {rise@0.000ns fall@2.500ns period=5.000ns})
  Path Group:             (none)
  Path Type:              Hold (Min at Fast Process Corner)
  Data Path Delay:        0.695ns  (logic 0.180ns (25.900%)  route 0.515ns (74.100%))
  Logic Levels:           1  (IBUF=1)
  Clock Path Skew:        1.899ns (DCD - SCD - CPR)
    Destination Clock Delay (DCD):    1.899ns
    Source Clock Delay      (SCD):    0.000ns
    Clock Pessimism Removal (CPR):    -0.000ns

    Location             Delay type                Incr(ns)  Path(ns)    Netlist Resource(s)
  -------------------------------------------------------------------    -------------------
    N17                                               0.000     0.000 r  e[6]
                         net (fo=0)                   0.000     0.000    e[6]
    N17                  IBUF (Prop_ibuf_I_O)         0.180     0.180 r  e_IBUF[6]_inst/O
                         net (fo=1, routed)           0.515     0.695    e_IBUF[6]
    SLICE_X8Y26          FDCE                                         r  e_reg_reg[6]/D
  -------------------------------------------------------------------    -------------------

                         (clock sys_clk rise edge)    0.000     0.000 r  <hidden>
    P15                                               0.000     0.000 r  clk
                         net (fo=0)                   0.000     0.000    clk
    P15                  IBUF (Prop_ibuf_I_O)         0.369     0.369 r  clk_IBUF_inst/O
                         net (fo=1, routed)           0.685     1.053    clk_IBUF
    BUFGCTRL_X0Y0        BUFG (Prop_bufg_I_O)         0.029     1.082 r  clk_IBUF_BUFG_inst/O
                         net (fo=56, routed)          0.817     1.899    clk_IBUF_BUFG
    SLICE_X8Y26          FDCE                                         r  e_reg_reg[6]/C

Slack:                    inf
  Source:                 e[1]
                            (input port)
  Destination:            e_reg_reg[1]/D
                            (rising edge-triggered cell FDCE clocked by sys_clk  {rise@0.000ns fall@2.500ns period=5.000ns})
  Path Group:             (none)
  Path Type:              Hold (Min at Fast Process Corner)
  Data Path Delay:        0.750ns  (logic 0.181ns (24.123%)  route 0.569ns (75.877%))
  Logic Levels:           1  (IBUF=1)
  Clock Path Skew:        1.899ns (DCD - SCD - CPR)
    Destination Clock Delay (DCD):    1.899ns
    Source Clock Delay      (SCD):    0.000ns
    Clock Pessimism Removal (CPR):    -0.000ns

    Location             Delay type                Incr(ns)  Path(ns)    Netlist Resource(s)
  -------------------------------------------------------------------    -------------------
    R15                                               0.000     0.000 r  e[1]
                         net (fo=0)                   0.000     0.000    e[1]
    R15                  IBUF (Prop_ibuf_I_O)         0.181     0.181 r  e_IBUF[1]_inst/O
                         net (fo=1, routed)           0.569     0.750    e_IBUF[1]
    SLICE_X11Y26         FDCE                                         r  e_reg_reg[1]/D
  -------------------------------------------------------------------    -------------------

                         (clock sys_clk rise edge)    0.000     0.000 r  <hidden>
    P15                                               0.000     0.000 r  clk
                         net (fo=0)                   0.000     0.000    clk
    P15                  IBUF (Prop_ibuf_I_O)         0.369     0.369 r  clk_IBUF_inst/O
                         net (fo=1, routed)           0.685     1.053    clk_IBUF
    BUFGCTRL_X0Y0        BUFG (Prop_bufg_I_O)         0.029     1.082 r  clk_IBUF_BUFG_inst/O
                         net (fo=56, routed)          0.817     1.899    clk_IBUF_BUFG
    SLICE_X11Y26         FDCE                                         r  e_reg_reg[1]/C

Slack:                    inf
  Source:                 e[5]
                            (input port)
  Destination:            e_reg_reg[5]/D
                            (rising edge-triggered cell FDCE clocked by sys_clk  {rise@0.000ns fall@2.500ns period=5.000ns})
  Path Group:             (none)
  Path Type:              Hold (Min at Fast Process Corner)
  Data Path Delay:        0.755ns  (logic 0.181ns (24.021%)  route 0.574ns (75.979%))
  Logic Levels:           1  (IBUF=1)
  Clock Path Skew:        1.902ns (DCD - SCD - CPR)
    Destination Clock Delay (DCD):    1.902ns
    Source Clock Delay      (SCD):    0.000ns
    Clock Pessimism Removal (CPR):    -0.000ns

    Location             Delay type                Incr(ns)  Path(ns)    Netlist Resource(s)
  -------------------------------------------------------------------    -------------------
    N18                                               0.000     0.000 r  e[5]
                         net (fo=0)                   0.000     0.000    e[5]
    N18                  IBUF (Prop_ibuf_I_O)         0.181     0.181 r  e_IBUF[5]_inst/O
                         net (fo=1, routed)           0.574     0.755    e_IBUF[5]
    SLICE_X10Y28         FDCE                                         r  e_reg_reg[5]/D
  -------------------------------------------------------------------    -------------------

                         (clock sys_clk rise edge)    0.000     0.000 r  <hidden>
    P15                                               0.000     0.000 r  clk
                         net (fo=0)                   0.000     0.000    clk
    P15                  IBUF (Prop_ibuf_I_O)         0.369     0.369 r  clk_IBUF_inst/O
                         net (fo=1, routed)           0.685     1.053    clk_IBUF
    BUFGCTRL_X0Y0        BUFG (Prop_bufg_I_O)         0.029     1.082 r  clk_IBUF_BUFG_inst/O
                         net (fo=56, routed)          0.820     1.902    clk_IBUF_BUFG
    SLICE_X10Y28         FDCE                                         r  e_reg_reg[5]/C

Slack:                    inf
  Source:                 e[7]
                            (input port)
  Destination:            e_reg_reg[7]/D
                            (rising edge-triggered cell FDCE clocked by sys_clk  {rise@0.000ns fall@2.500ns period=5.000ns})
  Path Group:             (none)
  Path Type:              Hold (Min at Fast Process Corner)
  Data Path Delay:        0.758ns  (logic 0.180ns (23.714%)  route 0.579ns (76.286%))
  Logic Levels:           1  (IBUF=1)
  Clock Path Skew:        1.902ns (DCD - SCD - CPR)
    Destination Clock Delay (DCD):    1.902ns
    Source Clock Delay      (SCD):    0.000ns
    Clock Pessimism Removal (CPR):    -0.000ns

    Location             Delay type                Incr(ns)  Path(ns)    Netlist Resource(s)
  -------------------------------------------------------------------    -------------------
    N16                                               0.000     0.000 r  e[7]
                         net (fo=0)                   0.000     0.000    e[7]
    N16                  IBUF (Prop_ibuf_I_O)         0.180     0.180 r  e_IBUF[7]_inst/O
                         net (fo=1, routed)           0.579     0.758    e_IBUF[7]
    SLICE_X10Y28         FDCE                                         r  e_reg_reg[7]/D
  -------------------------------------------------------------------    -------------------

                         (clock sys_clk rise edge)    0.000     0.000 r  <hidden>
    P15                                               0.000     0.000 r  clk
                         net (fo=0)                   0.000     0.000    clk
    P15                  IBUF (Prop_ibuf_I_O)         0.369     0.369 r  clk_IBUF_inst/O
                         net (fo=1, routed)           0.685     1.053    clk_IBUF
    BUFGCTRL_X0Y0        BUFG (Prop_bufg_I_O)         0.029     1.082 r  clk_IBUF_BUFG_inst/O
                         net (fo=56, routed)          0.820     1.902    clk_IBUF_BUFG
    SLICE_X10Y28         FDCE                                         r  e_reg_reg[7]/C

Slack:                    inf
  Source:                 e[0]
                            (input port)
  Destination:            e_reg_reg[0]/D
                            (rising edge-triggered cell FDCE clocked by sys_clk  {rise@0.000ns fall@2.500ns period=5.000ns})
  Path Group:             (none)
  Path Type:              Hold (Min at Fast Process Corner)
  Data Path Delay:        0.797ns  (logic 0.195ns (24.536%)  route 0.601ns (75.464%))
  Logic Levels:           1  (IBUF=1)
  Clock Path Skew:        1.898ns (DCD - SCD - CPR)
    Destination Clock Delay (DCD):    1.898ns
    Source Clock Delay      (SCD):    0.000ns
    Clock Pessimism Removal (CPR):    -0.000ns

    Location             Delay type                Incr(ns)  Path(ns)    Netlist Resource(s)
  -------------------------------------------------------------------    -------------------
    T14                                               0.000     0.000 r  e[0]
                         net (fo=0)                   0.000     0.000    e[0]
    T14                  IBUF (Prop_ibuf_I_O)         0.195     0.195 r  e_IBUF[0]_inst/O
                         net (fo=1, routed)           0.601     0.797    e_IBUF[0]
    SLICE_X12Y25         FDCE                                         r  e_reg_reg[0]/D
  -------------------------------------------------------------------    -------------------

                         (clock sys_clk rise edge)    0.000     0.000 r  <hidden>
    P15                                               0.000     0.000 r  clk
                         net (fo=0)                   0.000     0.000    clk
    P15                  IBUF (Prop_ibuf_I_O)         0.369     0.369 r  clk_IBUF_inst/O
                         net (fo=1, routed)           0.685     1.053    clk_IBUF
    BUFGCTRL_X0Y0        BUFG (Prop_bufg_I_O)         0.029     1.082 r  clk_IBUF_BUFG_inst/O
                         net (fo=56, routed)          0.816     1.898    clk_IBUF_BUFG
    SLICE_X12Y25         FDCE                                         r  e_reg_reg[0]/C

Slack:                    inf
  Source:                 e[2]
                            (input port)
  Destination:            e_reg_reg[2]/D
                            (rising edge-triggered cell FDCE clocked by sys_clk  {rise@0.000ns fall@2.500ns period=5.000ns})
  Path Group:             (none)
  Path Type:              Hold (Min at Fast Process Corner)
  Data Path Delay:        0.810ns  (logic 0.185ns (22.831%)  route 0.625ns (77.169%))
  Logic Levels:           1  (IBUF=1)
  Clock Path Skew:        1.899ns (DCD - SCD - CPR)
    Destination Clock Delay (DCD):    1.899ns
    Source Clock Delay      (SCD):    0.000ns
    Clock Pessimism Removal (CPR):    -0.000ns

    Location             Delay type                Incr(ns)  Path(ns)    Netlist Resource(s)
  -------------------------------------------------------------------    -------------------
    P14                                               0.000     0.000 r  e[2]
                         net (fo=0)                   0.000     0.000    e[2]
    P14                  IBUF (Prop_ibuf_I_O)         0.185     0.185 r  e_IBUF[2]_inst/O
                         net (fo=1, routed)           0.625     0.810    e_IBUF[2]
    SLICE_X12Y26         FDCE                                         r  e_reg_reg[2]/D
  -------------------------------------------------------------------    -------------------

                         (clock sys_clk rise edge)    0.000     0.000 r  <hidden>
    P15                                               0.000     0.000 r  clk
                         net (fo=0)                   0.000     0.000    clk
    P15                  IBUF (Prop_ibuf_I_O)         0.369     0.369 r  clk_IBUF_inst/O
                         net (fo=1, routed)           0.685     1.053    clk_IBUF
    BUFGCTRL_X0Y0        BUFG (Prop_bufg_I_O)         0.029     1.082 r  clk_IBUF_BUFG_inst/O
                         net (fo=56, routed)          0.817     1.899    clk_IBUF_BUFG
    SLICE_X12Y26         FDCE                                         r  e_reg_reg[2]/C

Slack:                    inf
  Source:                 d[5]
                            (input port)
  Destination:            d_reg_reg[5]/D
                            (rising edge-triggered cell FDCE clocked by sys_clk  {rise@0.000ns fall@2.500ns period=5.000ns})
  Path Group:             (none)
  Path Type:              Hold (Min at Fast Process Corner)
  Data Path Delay:        0.816ns  (logic 0.187ns (22.909%)  route 0.629ns (77.091%))
  Logic Levels:           1  (IBUF=1)
  Clock Path Skew:        1.901ns (DCD - SCD - CPR)
    Destination Clock Delay (DCD):    1.901ns
    Source Clock Delay      (SCD):    0.000ns
    Clock Pessimism Removal (CPR):    -0.000ns

    Location             Delay type                Incr(ns)  Path(ns)    Netlist Resource(s)
  -------------------------------------------------------------------    -------------------
    R17                                               0.000     0.000 r  d[5]
                         net (fo=0)                   0.000     0.000    d[5]
    R17                  IBUF (Prop_ibuf_I_O)         0.187     0.187 r  d_IBUF[5]_inst/O
                         net (fo=1, routed)           0.629     0.816    d_IBUF[5]
    SLICE_X13Y27         FDCE                                         r  d_reg_reg[5]/D
  -------------------------------------------------------------------    -------------------

                         (clock sys_clk rise edge)    0.000     0.000 r  <hidden>
    P15                                               0.000     0.000 r  clk
                         net (fo=0)                   0.000     0.000    clk
    P15                  IBUF (Prop_ibuf_I_O)         0.369     0.369 r  clk_IBUF_inst/O
                         net (fo=1, routed)           0.685     1.053    clk_IBUF
    BUFGCTRL_X0Y0        BUFG (Prop_bufg_I_O)         0.029     1.082 r  clk_IBUF_BUFG_inst/O
                         net (fo=56, routed)          0.819     1.901    clk_IBUF_BUFG
    SLICE_X13Y27         FDCE                                         r  d_reg_reg[5]/C

Slack:                    inf
  Source:                 d[4]
                            (input port)
  Destination:            d_reg_reg[4]/D
                            (rising edge-triggered cell FDCE clocked by sys_clk  {rise@0.000ns fall@2.500ns period=5.000ns})
  Path Group:             (none)
  Path Type:              Hold (Min at Fast Process Corner)
  Data Path Delay:        0.863ns  (logic 0.191ns (22.119%)  route 0.672ns (77.881%))
  Logic Levels:           1  (IBUF=1)
  Clock Path Skew:        1.901ns (DCD - SCD - CPR)
    Destination Clock Delay (DCD):    1.901ns
    Source Clock Delay      (SCD):    0.000ns
    Clock Pessimism Removal (CPR):    -0.000ns

    Location             Delay type                Incr(ns)  Path(ns)    Netlist Resource(s)
  -------------------------------------------------------------------    -------------------
    R18                                               0.000     0.000 r  d[4]
                         net (fo=0)                   0.000     0.000    d[4]
    R18                  IBUF (Prop_ibuf_I_O)         0.191     0.191 r  d_IBUF[4]_inst/O
                         net (fo=1, routed)           0.672     0.863    d_IBUF[4]
    SLICE_X15Y27         FDCE                                         r  d_reg_reg[4]/D
  -------------------------------------------------------------------    -------------------

                         (clock sys_clk rise edge)    0.000     0.000 r  <hidden>
    P15                                               0.000     0.000 r  clk
                         net (fo=0)                   0.000     0.000    clk
    P15                  IBUF (Prop_ibuf_I_O)         0.369     0.369 r  clk_IBUF_inst/O
                         net (fo=1, routed)           0.685     1.053    clk_IBUF
    BUFGCTRL_X0Y0        BUFG (Prop_bufg_I_O)         0.029     1.082 r  clk_IBUF_BUFG_inst/O
                         net (fo=56, routed)          0.819     1.901    clk_IBUF_BUFG
    SLICE_X15Y27         FDCE                                         r  d_reg_reg[4]/C





