Copyright 1986-2022 Xilinx, Inc. All Rights Reserved. Copyright 2022-2026 Advanced Micro Devices, Inc. All Rights Reserved.
---------------------------------------------------------------------------------------------------------------------------------------------------------------------------------------------------------------------
| Tool Version : Vivado v.2026.1 (lin64) Build 6511674 Tue Jun 16 11:01:26 MDT 2026
| Date         : Thu Sep 10 22:00:43 2026
| Host         : danyil-aspirea51541g running 64-bit Ubuntu 26.04.1 LTS
| Command      : report_timing_summary -max_paths 10 -routable_nets -report_unconstrained -file alu_timing_summary_routed.rpt -pb alu_timing_summary_routed.pb -rpx alu_timing_summary_routed.rpx -warn_on_violation
| Design       : alu
| Device       : 7a12ti-csg325
| Speed File   : -1L  PRODUCTION 1.23 2018-06-13
| Design State : Routed
---------------------------------------------------------------------------------------------------------------------------------------------------------------------------------------------------------------------

Timing Summary Report

------------------------------------------------------------------------------------------------
| Timer Settings
| --------------
------------------------------------------------------------------------------------------------

  Enable Multi Corner Analysis               :  Yes
  Enable Pessimism Removal                   :  Yes
  Pessimism Removal Resolution               :  Nearest Common Node
  Enable Input Delay Default Clock           :  No
  Enable Preset / Clear Arcs                 :  No
  Disable Flight Delays                      :  No
  Ignore I/O Paths                           :  No
  Timing Early Launch at Borrowing Latches   :  No
  Borrow Time for Max Delay Exceptions       :  Yes
  Merge Timing Exceptions                    :  Yes
  Inter-SLR Compensation                     :  Conservative

  Corner  Analyze    Analyze    
  Name    Max Paths  Min Paths  
  ------  ---------  ---------  
  Slow    Yes        Yes        
  Fast    Yes        Yes        


------------------------------------------------------------------------------------------------
| Report Methodology
| ------------------
------------------------------------------------------------------------------------------------

Rule       Severity  Description                    Violations  
---------  --------  -----------------------------  ----------  
TIMING-18  Warning   Missing input or output delay  15          

Note: This report is based on the most recent report_methodology run and may not be up-to-date. Run report_methodology on the current design for the latest report.



check_timing report

Table of Contents
-----------------
1. checking no_clock (0)
2. checking constant_clock (0)
3. checking pulse_width_clock (0)
4. checking unconstrained_internal_endpoints (0)
5. checking no_input_delay (11)
6. checking no_output_delay (4)
7. checking multiple_clock (0)
8. checking generated_clocks (0)
9. checking loops (0)
10. checking partial_input_delay (0)
11. checking partial_output_delay (0)
12. checking latch_loops (0)

1. checking no_clock (0)
------------------------
 There are 0 register/latch pins with no clock.


2. checking constant_clock (0)
------------------------------
 There are 0 register/latch pins with constant_clock.


3. checking pulse_width_clock (0)
---------------------------------
 There are 0 register/latch pins which need pulse_width check


4. checking unconstrained_internal_endpoints (0)
------------------------------------------------
 There are 0 pins that are not constrained for maximum delay.

 There are 0 pins that are not constrained for maximum delay due to constant clock.


5. checking no_input_delay (11)
-------------------------------
 There are 11 input ports with no input delay specified. (HIGH)

 There are 0 input ports with no input delay but user has a false path constraint.


6. checking no_output_delay (4)
-------------------------------
 There are 4 ports with no output delay specified. (HIGH)

 There are 0 ports with no output delay but user has a false path constraint

 There are 0 ports with no output delay but with a timing clock defined on it or propagating through it


7. checking multiple_clock (0)
------------------------------
 There are 0 register/latch pins with multiple clocks.


8. checking generated_clocks (0)
--------------------------------
 There are 0 generated clocks that are not connected to a clock source.


9. checking loops (0)
---------------------
 There are 0 combinational loops in the design.


10. checking partial_input_delay (0)
------------------------------------
 There are 0 input ports with partial input delay specified.


11. checking partial_output_delay (0)
-------------------------------------
 There are 0 ports with partial output delay specified.


12. checking latch_loops (0)
----------------------------
 There are 0 combinational latch loops in the design through latch input



------------------------------------------------------------------------------------------------
| Design Timing Summary
| ---------------------
------------------------------------------------------------------------------------------------

    WNS(ns)      TNS(ns)  TNS Failing Endpoints  TNS Total Endpoints      WHS(ns)      THS(ns)  THS Failing Endpoints  THS Total Endpoints     WPWS(ns)     TPWS(ns)  TPWS Failing Endpoints  TPWS Total Endpoints  
    -------      -------  ---------------------  -------------------      -------      -------  ---------------------  -------------------     --------     --------  ----------------------  --------------------  
      7.039        0.000                      0                    4        0.204        0.000                      0                    4        4.500        0.000                       0                    15  


All user specified timing constraints are met.


------------------------------------------------------------------------------------------------
| Clock Summary
| -------------
------------------------------------------------------------------------------------------------

Clock    Waveform(ns)       Period(ns)      Frequency(MHz)
-----    ------------       ----------      --------------
sys_clk  {0.000 5.000}      10.000          100.000         


------------------------------------------------------------------------------------------------
| Intra Clock Table
| -----------------
------------------------------------------------------------------------------------------------

Clock             WNS(ns)      TNS(ns)  TNS Failing Endpoints  TNS Total Endpoints      WHS(ns)      THS(ns)  THS Failing Endpoints  THS Total Endpoints     WPWS(ns)     TPWS(ns)  TPWS Failing Endpoints  TPWS Total Endpoints  
-----             -------      -------  ---------------------  -------------------      -------      -------  ---------------------  -------------------     --------     --------  ----------------------  --------------------  
sys_clk             7.039        0.000                      0                    4        0.204        0.000                      0                    4        4.500        0.000                       0                    15  


------------------------------------------------------------------------------------------------
| Inter Clock Table
| -----------------
------------------------------------------------------------------------------------------------

From Clock    To Clock          WNS(ns)      TNS(ns)  TNS Failing Endpoints  TNS Total Endpoints      WHS(ns)      THS(ns)  THS Failing Endpoints  THS Total Endpoints  
----------    --------          -------      -------  ---------------------  -------------------      -------      -------  ---------------------  -------------------  


------------------------------------------------------------------------------------------------
| Other Path Groups Table
| -----------------------
------------------------------------------------------------------------------------------------

Path Group    From Clock    To Clock          WNS(ns)      TNS(ns)  TNS Failing Endpoints  TNS Total Endpoints      WHS(ns)      THS(ns)  THS Failing Endpoints  THS Total Endpoints  
----------    ----------    --------          -------      -------  ---------------------  -------------------      -------      -------  ---------------------  -------------------  


------------------------------------------------------------------------------------------------
| User Ignored Path Table
| -----------------------
------------------------------------------------------------------------------------------------

Path Group    From Clock    To Clock    
----------    ----------    --------    


------------------------------------------------------------------------------------------------
| Unconstrained Path Table
| ------------------------
------------------------------------------------------------------------------------------------

Path Group    From Clock    To Clock    
----------    ----------    --------    
(none)                                    
(none)        sys_clk                     
(none)                      sys_clk       


------------------------------------------------------------------------------------------------
| Timing Details
| --------------
------------------------------------------------------------------------------------------------


---------------------------------------------------------------------------------------------------
From Clock:  sys_clk
  To Clock:  sys_clk

Setup :            0  Failing Endpoints,  Worst Slack        7.039ns,  Total Violation        0.000ns
Hold  :            0  Failing Endpoints,  Worst Slack        0.204ns,  Total Violation        0.000ns
PW    :            0  Failing Endpoints,  Worst Slack        4.500ns,  Total Violation        0.000ns
---------------------------------------------------------------------------------------------------


Max Delay Paths
--------------------------------------------------------------------------------------
Slack (MET) :             7.039ns  (required time - arrival time)
  Source:                 a_reg_reg[0]/C
                            (rising edge-triggered cell FDCE clocked by sys_clk  {rise@0.000ns fall@5.000ns period=10.000ns})
  Destination:            result_reg_reg[2]/D
                            (rising edge-triggered cell FDCE clocked by sys_clk  {rise@0.000ns fall@5.000ns period=10.000ns})
  Path Group:             sys_clk
  Path Type:              Setup (Max at Slow Process Corner)
  Requirement:            10.000ns  (sys_clk rise@10.000ns - sys_clk rise@0.000ns)
  Data Path Delay:        2.955ns  (logic 1.078ns (36.481%)  route 1.877ns (63.519%))
  Logic Levels:           2  (LUT4=1 LUT6=1)
  Clock Path Skew:        0.000ns (DCD - SCD + CPR)
    Destination Clock Delay (DCD):    4.281ns = ( 14.281 - 10.000 ) 
    Source Clock Delay      (SCD):    4.642ns
    Clock Pessimism Removal (CPR):    0.361ns
  Clock Uncertainty:      0.035ns  ((TSJ^2 + TIJ^2)^1/2 + DJ) / 2 + PE
    Total System Jitter     (TSJ):    0.071ns
    Total Input Jitter      (TIJ):    0.000ns
    Discrete Jitter          (DJ):    0.000ns
    Phase Error              (PE):    0.000ns

    Location             Delay type                Incr(ns)  Path(ns)    Netlist Resource(s)
  -------------------------------------------------------------------    -------------------
                         (clock sys_clk rise edge)    0.000     0.000 r  <hidden>
    P15                                               0.000     0.000 r  clk
                         net (fo=0)                   0.000     0.000    clk
    P15                  IBUF (Prop_ibuf_I_O)         0.951     0.951 r  clk_IBUF_inst/O
                         net (fo=1, routed)           1.966     2.916    clk_IBUF
    BUFGCTRL_X0Y0        BUFG (Prop_bufg_I_O)         0.096     3.012 r  clk_IBUF_BUFG_inst/O
                         net (fo=14, routed)          1.629     4.642    clk_IBUF_BUFG
    SLICE_X0Y8           FDCE                                         r  a_reg_reg[0]/C
  -------------------------------------------------------------------    -------------------
    SLICE_X0Y8           FDCE (Prop_fdce_C_Q)         0.419     5.061 r  a_reg_reg[0]/Q
                         net (fo=6, routed)           1.195     6.255    a_reg[0]
    SLICE_X0Y8           LUT4 (Prop_lut4_I3_O)        0.327     6.582 r  result_reg[2]_i_2/O
                         net (fo=1, routed)           0.682     7.265    result_reg[2]_i_2_n_0
    SLICE_X0Y8           LUT6 (Prop_lut6_I0_O)        0.332     7.597 r  result_reg[2]_i_1/O
                         net (fo=1, routed)           0.000     7.597    alu_result[2]
    SLICE_X0Y8           FDCE                                         r  result_reg_reg[2]/D
  -------------------------------------------------------------------    -------------------

                         (clock sys_clk rise edge)   10.000    10.000 r  <hidden>
    P15                                               0.000    10.000 r  clk
                         net (fo=0)                   0.000    10.000    clk
    P15                  IBUF (Prop_ibuf_I_O)         0.817    10.817 r  clk_IBUF_inst/O
                         net (fo=1, routed)           1.862    12.679    clk_IBUF
    BUFGCTRL_X0Y0        BUFG (Prop_bufg_I_O)         0.091    12.770 r  clk_IBUF_BUFG_inst/O
                         net (fo=14, routed)          1.510    14.281    clk_IBUF_BUFG
    SLICE_X0Y8           FDCE                                         r  result_reg_reg[2]/C
                         clock pessimism              0.361    14.642    <hidden>
                         clock uncertainty           -0.035    14.606    <hidden>
    SLICE_X0Y8           FDCE (Setup_fdce_C_D)        0.029    14.635    result_reg_reg[2]
  -------------------------------------------------------------------
                         required time                         14.635    <hidden>
                         arrival time                          -7.597    <hidden>
  -------------------------------------------------------------------
                         slack                                  7.039    <hidden>

Slack (MET) :             7.460ns  (required time - arrival time)
  Source:                 a_reg_reg[0]/C
                            (rising edge-triggered cell FDCE clocked by sys_clk  {rise@0.000ns fall@5.000ns period=10.000ns})
  Destination:            result_reg_reg[3]/D
                            (rising edge-triggered cell FDCE clocked by sys_clk  {rise@0.000ns fall@5.000ns period=10.000ns})
  Path Group:             sys_clk
  Path Type:              Setup (Max at Slow Process Corner)
  Requirement:            10.000ns  (sys_clk rise@10.000ns - sys_clk rise@0.000ns)
  Data Path Delay:        2.512ns  (logic 0.842ns (33.521%)  route 1.670ns (66.479%))
  Logic Levels:           2  (LUT6=2)
  Clock Path Skew:        -0.022ns (DCD - SCD + CPR)
    Destination Clock Delay (DCD):    4.281ns = ( 14.281 - 10.000 ) 
    Source Clock Delay      (SCD):    4.642ns
    Clock Pessimism Removal (CPR):    0.339ns
  Clock Uncertainty:      0.035ns  ((TSJ^2 + TIJ^2)^1/2 + DJ) / 2 + PE
    Total System Jitter     (TSJ):    0.071ns
    Total Input Jitter      (TIJ):    0.000ns
    Discrete Jitter          (DJ):    0.000ns
    Phase Error              (PE):    0.000ns

    Location             Delay type                Incr(ns)  Path(ns)    Netlist Resource(s)
  -------------------------------------------------------------------    -------------------
                         (clock sys_clk rise edge)    0.000     0.000 r  <hidden>
    P15                                               0.000     0.000 r  clk
                         net (fo=0)                   0.000     0.000    clk
    P15                  IBUF (Prop_ibuf_I_O)         0.951     0.951 r  clk_IBUF_inst/O
                         net (fo=1, routed)           1.966     2.916    clk_IBUF
    BUFGCTRL_X0Y0        BUFG (Prop_bufg_I_O)         0.096     3.012 r  clk_IBUF_BUFG_inst/O
                         net (fo=14, routed)          1.629     4.642    clk_IBUF_BUFG
    SLICE_X0Y8           FDCE                                         r  a_reg_reg[0]/C
  -------------------------------------------------------------------    -------------------
    SLICE_X0Y8           FDCE (Prop_fdce_C_Q)         0.419     5.061 r  a_reg_reg[0]/Q
                         net (fo=6, routed)           1.023     6.083    a_reg[0]
    SLICE_X1Y8           LUT6 (Prop_lut6_I3_O)        0.299     6.382 r  result_reg[3]_i_3/O
                         net (fo=1, routed)           0.647     7.030    result_reg[3]_i_3_n_0
    SLICE_X1Y8           LUT6 (Prop_lut6_I1_O)        0.124     7.154 r  result_reg[3]_i_1/O
                         net (fo=1, routed)           0.000     7.154    alu_result[3]
    SLICE_X1Y8           FDCE                                         r  result_reg_reg[3]/D
  -------------------------------------------------------------------    -------------------

                         (clock sys_clk rise edge)   10.000    10.000 r  <hidden>
    P15                                               0.000    10.000 r  clk
                         net (fo=0)                   0.000    10.000    clk
    P15                  IBUF (Prop_ibuf_I_O)         0.817    10.817 r  clk_IBUF_inst/O
                         net (fo=1, routed)           1.862    12.679    clk_IBUF
    BUFGCTRL_X0Y0        BUFG (Prop_bufg_I_O)         0.091    12.770 r  clk_IBUF_BUFG_inst/O
                         net (fo=14, routed)          1.510    14.281    clk_IBUF_BUFG
    SLICE_X1Y8           FDCE                                         r  result_reg_reg[3]/C
                         clock pessimism              0.339    14.620    <hidden>
                         clock uncertainty           -0.035    14.584    <hidden>
    SLICE_X1Y8           FDCE (Setup_fdce_C_D)        0.029    14.613    result_reg_reg[3]
  -------------------------------------------------------------------
                         required time                         14.613    <hidden>
                         arrival time                          -7.154    <hidden>
  -------------------------------------------------------------------
                         slack                                  7.460    <hidden>

Slack (MET) :             8.400ns  (required time - arrival time)
  Source:                 b_reg_reg[0]/C
                            (rising edge-triggered cell FDCE clocked by sys_clk  {rise@0.000ns fall@5.000ns period=10.000ns})
  Destination:            result_reg_reg[1]/D
                            (rising edge-triggered cell FDCE clocked by sys_clk  {rise@0.000ns fall@5.000ns period=10.000ns})
  Path Group:             sys_clk
  Path Type:              Setup (Max at Slow Process Corner)
  Requirement:            10.000ns  (sys_clk rise@10.000ns - sys_clk rise@0.000ns)
  Data Path Delay:        1.574ns  (logic 0.716ns (45.488%)  route 0.858ns (54.512%))
  Logic Levels:           1  (LUT6=1)
  Clock Path Skew:        -0.022ns (DCD - SCD + CPR)
    Destination Clock Delay (DCD):    4.281ns = ( 14.281 - 10.000 ) 
    Source Clock Delay      (SCD):    4.642ns
    Clock Pessimism Removal (CPR):    0.339ns
  Clock Uncertainty:      0.035ns  ((TSJ^2 + TIJ^2)^1/2 + DJ) / 2 + PE
    Total System Jitter     (TSJ):    0.071ns
    Total Input Jitter      (TIJ):    0.000ns
    Discrete Jitter          (DJ):    0.000ns
    Phase Error              (PE):    0.000ns

    Location             Delay type                Incr(ns)  Path(ns)    Netlist Resource(s)
  -------------------------------------------------------------------    -------------------
                         (clock sys_clk rise edge)    0.000     0.000 r  <hidden>
    P15                                               0.000     0.000 r  clk
                         net (fo=0)                   0.000     0.000    clk
    P15                  IBUF (Prop_ibuf_I_O)         0.951     0.951 r  clk_IBUF_inst/O
                         net (fo=1, routed)           1.966     2.916    clk_IBUF
    BUFGCTRL_X0Y0        BUFG (Prop_bufg_I_O)         0.096     3.012 r  clk_IBUF_BUFG_inst/O
                         net (fo=14, routed)          1.629     4.642    clk_IBUF_BUFG
    SLICE_X0Y8           FDCE                                         r  b_reg_reg[0]/C
  -------------------------------------------------------------------    -------------------
    SLICE_X0Y8           FDCE (Prop_fdce_C_Q)         0.419     5.061 r  b_reg_reg[0]/Q
                         net (fo=6, routed)           0.858     5.919    b_reg[0]
    SLICE_X1Y8           LUT6 (Prop_lut6_I1_O)        0.297     6.216 r  result_reg[1]_i_1/O
                         net (fo=1, routed)           0.000     6.216    alu_result[1]
    SLICE_X1Y8           FDCE                                         r  result_reg_reg[1]/D
  -------------------------------------------------------------------    -------------------

                         (clock sys_clk rise edge)   10.000    10.000 r  <hidden>
    P15                                               0.000    10.000 r  clk
                         net (fo=0)                   0.000    10.000    clk
    P15                  IBUF (Prop_ibuf_I_O)         0.817    10.817 r  clk_IBUF_inst/O
                         net (fo=1, routed)           1.862    12.679    clk_IBUF
    BUFGCTRL_X0Y0        BUFG (Prop_bufg_I_O)         0.091    12.770 r  clk_IBUF_BUFG_inst/O
                         net (fo=14, routed)          1.510    14.281    clk_IBUF_BUFG
    SLICE_X1Y8           FDCE                                         r  result_reg_reg[1]/C
                         clock pessimism              0.339    14.620    <hidden>
                         clock uncertainty           -0.035    14.584    <hidden>
    SLICE_X1Y8           FDCE (Setup_fdce_C_D)        0.031    14.615    result_reg_reg[1]
  -------------------------------------------------------------------
                         required time                         14.615    <hidden>
                         arrival time                          -6.216    <hidden>
  -------------------------------------------------------------------
                         slack                                  8.400    <hidden>

Slack (MET) :             8.577ns  (required time - arrival time)
  Source:                 b_reg_reg[0]/C
                            (rising edge-triggered cell FDCE clocked by sys_clk  {rise@0.000ns fall@5.000ns period=10.000ns})
  Destination:            result_reg_reg[0]/D
                            (rising edge-triggered cell FDCE clocked by sys_clk  {rise@0.000ns fall@5.000ns period=10.000ns})
  Path Group:             sys_clk
  Path Type:              Setup (Max at Slow Process Corner)
  Requirement:            10.000ns  (sys_clk rise@10.000ns - sys_clk rise@0.000ns)
  Data Path Delay:        1.419ns  (logic 0.716ns (50.471%)  route 0.703ns (49.529%))
  Logic Levels:           1  (LUT4=1)
  Clock Path Skew:        0.000ns (DCD - SCD + CPR)
    Destination Clock Delay (DCD):    4.281ns = ( 14.281 - 10.000 ) 
    Source Clock Delay      (SCD):    4.642ns
    Clock Pessimism Removal (CPR):    0.361ns
  Clock Uncertainty:      0.035ns  ((TSJ^2 + TIJ^2)^1/2 + DJ) / 2 + PE
    Total System Jitter     (TSJ):    0.071ns
    Total Input Jitter      (TIJ):    0.000ns
    Discrete Jitter          (DJ):    0.000ns
    Phase Error              (PE):    0.000ns

    Location             Delay type                Incr(ns)  Path(ns)    Netlist Resource(s)
  -------------------------------------------------------------------    -------------------
                         (clock sys_clk rise edge)    0.000     0.000 r  <hidden>
    P15                                               0.000     0.000 r  clk
                         net (fo=0)                   0.000     0.000    clk
    P15                  IBUF (Prop_ibuf_I_O)         0.951     0.951 r  clk_IBUF_inst/O
                         net (fo=1, routed)           1.966     2.916    clk_IBUF
    BUFGCTRL_X0Y0        BUFG (Prop_bufg_I_O)         0.096     3.012 r  clk_IBUF_BUFG_inst/O
                         net (fo=14, routed)          1.629     4.642    clk_IBUF_BUFG
    SLICE_X0Y8           FDCE                                         r  b_reg_reg[0]/C
  -------------------------------------------------------------------    -------------------
    SLICE_X0Y8           FDCE (Prop_fdce_C_Q)         0.419     5.061 r  b_reg_reg[0]/Q
                         net (fo=6, routed)           0.703     5.763    b_reg[0]
    SLICE_X0Y8           LUT4 (Prop_lut4_I0_O)        0.297     6.060 r  result_reg[0]_i_1/O
                         net (fo=1, routed)           0.000     6.060    alu_result[0]
    SLICE_X0Y8           FDCE                                         r  result_reg_reg[0]/D
  -------------------------------------------------------------------    -------------------

                         (clock sys_clk rise edge)   10.000    10.000 r  <hidden>
    P15                                               0.000    10.000 r  clk
                         net (fo=0)                   0.000    10.000    clk
    P15                  IBUF (Prop_ibuf_I_O)         0.817    10.817 r  clk_IBUF_inst/O
                         net (fo=1, routed)           1.862    12.679    clk_IBUF
    BUFGCTRL_X0Y0        BUFG (Prop_bufg_I_O)         0.091    12.770 r  clk_IBUF_BUFG_inst/O
                         net (fo=14, routed)          1.510    14.281    clk_IBUF_BUFG
    SLICE_X0Y8           FDCE                                         r  result_reg_reg[0]/C
                         clock pessimism              0.361    14.642    <hidden>
                         clock uncertainty           -0.035    14.606    <hidden>
    SLICE_X0Y8           FDCE (Setup_fdce_C_D)        0.031    14.637    result_reg_reg[0]
  -------------------------------------------------------------------
                         required time                         14.637    <hidden>
                         arrival time                          -6.060    <hidden>
  -------------------------------------------------------------------
                         slack                                  8.577    <hidden>





Min Delay Paths
--------------------------------------------------------------------------------------
Slack (MET) :             0.204ns  (arrival time - required time)
  Source:                 op_reg_reg[1]/C
                            (rising edge-triggered cell FDCE clocked by sys_clk  {rise@0.000ns fall@5.000ns period=10.000ns})
  Destination:            result_reg_reg[0]/D
                            (rising edge-triggered cell FDCE clocked by sys_clk  {rise@0.000ns fall@5.000ns period=10.000ns})
  Path Group:             sys_clk
  Path Type:              Hold (Min at Fast Process Corner)
  Requirement:            0.000ns  (sys_clk rise@0.000ns - sys_clk rise@0.000ns)
  Data Path Delay:        0.309ns  (logic 0.186ns (60.165%)  route 0.123ns (39.835%))
  Logic Levels:           1  (LUT4=1)
  Clock Path Skew:        0.013ns (DCD - SCD - CPR)
    Destination Clock Delay (DCD):    1.943ns
    Source Clock Delay      (SCD):    1.427ns
    Clock Pessimism Removal (CPR):    0.503ns

    Location             Delay type                Incr(ns)  Path(ns)    Netlist Resource(s)
  -------------------------------------------------------------------    -------------------
                         (clock sys_clk rise edge)    0.000     0.000 r  <hidden>
    P15                                               0.000     0.000 r  clk
                         net (fo=0)                   0.000     0.000    clk
    P15                  IBUF (Prop_ibuf_I_O)         0.180     0.180 r  clk_IBUF_inst/O
                         net (fo=1, routed)           0.631     0.811    clk_IBUF
    BUFGCTRL_X0Y0        BUFG (Prop_bufg_I_O)         0.026     0.837 r  clk_IBUF_BUFG_inst/O
                         net (fo=14, routed)          0.590     1.427    clk_IBUF_BUFG
    SLICE_X1Y8           FDCE                                         r  op_reg_reg[1]/C
  -------------------------------------------------------------------    -------------------
    SLICE_X1Y8           FDCE (Prop_fdce_C_Q)         0.141     1.568 r  op_reg_reg[1]/Q
                         net (fo=4, routed)           0.123     1.691    op_reg[1]
    SLICE_X0Y8           LUT4 (Prop_lut4_I2_O)        0.045     1.736 r  result_reg[0]_i_1/O
                         net (fo=1, routed)           0.000     1.736    alu_result[0]
    SLICE_X0Y8           FDCE                                         r  result_reg_reg[0]/D
  -------------------------------------------------------------------    -------------------

                         (clock sys_clk rise edge)    0.000     0.000 r  <hidden>
    P15                                               0.000     0.000 r  clk
                         net (fo=0)                   0.000     0.000    clk
    P15                  IBUF (Prop_ibuf_I_O)         0.369     0.369 r  clk_IBUF_inst/O
                         net (fo=1, routed)           0.685     1.053    clk_IBUF
    BUFGCTRL_X0Y0        BUFG (Prop_bufg_I_O)         0.029     1.082 r  clk_IBUF_BUFG_inst/O
                         net (fo=14, routed)          0.861     1.943    clk_IBUF_BUFG
    SLICE_X0Y8           FDCE                                         r  result_reg_reg[0]/C
                         clock pessimism             -0.503     1.440    <hidden>
    SLICE_X0Y8           FDCE (Hold_fdce_C_D)         0.092     1.532    result_reg_reg[0]
  -------------------------------------------------------------------
                         required time                         -1.532    <hidden>
                         arrival time                           1.736    <hidden>
  -------------------------------------------------------------------
                         slack                                  0.204    <hidden>

Slack (MET) :             0.241ns  (arrival time - required time)
  Source:                 op_reg_reg[1]/C
                            (rising edge-triggered cell FDCE clocked by sys_clk  {rise@0.000ns fall@5.000ns period=10.000ns})
  Destination:            result_reg_reg[1]/D
                            (rising edge-triggered cell FDCE clocked by sys_clk  {rise@0.000ns fall@5.000ns period=10.000ns})
  Path Group:             sys_clk
  Path Type:              Hold (Min at Fast Process Corner)
  Requirement:            0.000ns  (sys_clk rise@0.000ns - sys_clk rise@0.000ns)
  Data Path Delay:        0.333ns  (logic 0.186ns (55.939%)  route 0.147ns (44.061%))
  Logic Levels:           1  (LUT6=1)
  Clock Path Skew:        0.000ns (DCD - SCD - CPR)
    Destination Clock Delay (DCD):    1.943ns
    Source Clock Delay      (SCD):    1.427ns
    Clock Pessimism Removal (CPR):    0.516ns

    Location             Delay type                Incr(ns)  Path(ns)    Netlist Resource(s)
  -------------------------------------------------------------------    -------------------
                         (clock sys_clk rise edge)    0.000     0.000 r  <hidden>
    P15                                               0.000     0.000 r  clk
                         net (fo=0)                   0.000     0.000    clk
    P15                  IBUF (Prop_ibuf_I_O)         0.180     0.180 r  clk_IBUF_inst/O
                         net (fo=1, routed)           0.631     0.811    clk_IBUF
    BUFGCTRL_X0Y0        BUFG (Prop_bufg_I_O)         0.026     0.837 r  clk_IBUF_BUFG_inst/O
                         net (fo=14, routed)          0.590     1.427    clk_IBUF_BUFG
    SLICE_X1Y8           FDCE                                         r  op_reg_reg[1]/C
  -------------------------------------------------------------------    -------------------
    SLICE_X1Y8           FDCE (Prop_fdce_C_Q)         0.141     1.568 r  op_reg_reg[1]/Q
                         net (fo=4, routed)           0.147     1.714    op_reg[1]
    SLICE_X1Y8           LUT6 (Prop_lut6_I4_O)        0.045     1.759 r  result_reg[1]_i_1/O
                         net (fo=1, routed)           0.000     1.759    alu_result[1]
    SLICE_X1Y8           FDCE                                         r  result_reg_reg[1]/D
  -------------------------------------------------------------------    -------------------

                         (clock sys_clk rise edge)    0.000     0.000 r  <hidden>
    P15                                               0.000     0.000 r  clk
                         net (fo=0)                   0.000     0.000    clk
    P15                  IBUF (Prop_ibuf_I_O)         0.369     0.369 r  clk_IBUF_inst/O
                         net (fo=1, routed)           0.685     1.053    clk_IBUF
    BUFGCTRL_X0Y0        BUFG (Prop_bufg_I_O)         0.029     1.082 r  clk_IBUF_BUFG_inst/O
                         net (fo=14, routed)          0.861     1.943    clk_IBUF_BUFG
    SLICE_X1Y8           FDCE                                         r  result_reg_reg[1]/C
                         clock pessimism             -0.516     1.427    <hidden>
    SLICE_X1Y8           FDCE (Hold_fdce_C_D)         0.092     1.519    result_reg_reg[1]
  -------------------------------------------------------------------
                         required time                         -1.519    <hidden>
                         arrival time                           1.759    <hidden>
  -------------------------------------------------------------------
                         slack                                  0.241    <hidden>

Slack (MET) :             0.243ns  (arrival time - required time)
  Source:                 op_reg_reg[1]/C
                            (rising edge-triggered cell FDCE clocked by sys_clk  {rise@0.000ns fall@5.000ns period=10.000ns})
  Destination:            result_reg_reg[3]/D
                            (rising edge-triggered cell FDCE clocked by sys_clk  {rise@0.000ns fall@5.000ns period=10.000ns})
  Path Group:             sys_clk
  Path Type:              Hold (Min at Fast Process Corner)
  Requirement:            0.000ns  (sys_clk rise@0.000ns - sys_clk rise@0.000ns)
  Data Path Delay:        0.334ns  (logic 0.186ns (55.772%)  route 0.148ns (44.228%))
  Logic Levels:           1  (LUT6=1)
  Clock Path Skew:        0.000ns (DCD - SCD - CPR)
    Destination Clock Delay (DCD):    1.943ns
    Source Clock Delay      (SCD):    1.427ns
    Clock Pessimism Removal (CPR):    0.516ns

    Location             Delay type                Incr(ns)  Path(ns)    Netlist Resource(s)
  -------------------------------------------------------------------    -------------------
                         (clock sys_clk rise edge)    0.000     0.000 r  <hidden>
    P15                                               0.000     0.000 r  clk
                         net (fo=0)                   0.000     0.000    clk
    P15                  IBUF (Prop_ibuf_I_O)         0.180     0.180 r  clk_IBUF_inst/O
                         net (fo=1, routed)           0.631     0.811    clk_IBUF
    BUFGCTRL_X0Y0        BUFG (Prop_bufg_I_O)         0.026     0.837 r  clk_IBUF_BUFG_inst/O
                         net (fo=14, routed)          0.590     1.427    clk_IBUF_BUFG
    SLICE_X1Y8           FDCE                                         r  op_reg_reg[1]/C
  -------------------------------------------------------------------    -------------------
    SLICE_X1Y8           FDCE (Prop_fdce_C_Q)         0.141     1.568 r  op_reg_reg[1]/Q
                         net (fo=4, routed)           0.148     1.715    op_reg[1]
    SLICE_X1Y8           LUT6 (Prop_lut6_I4_O)        0.045     1.760 r  result_reg[3]_i_1/O
                         net (fo=1, routed)           0.000     1.760    alu_result[3]
    SLICE_X1Y8           FDCE                                         r  result_reg_reg[3]/D
  -------------------------------------------------------------------    -------------------

                         (clock sys_clk rise edge)    0.000     0.000 r  <hidden>
    P15                                               0.000     0.000 r  clk
                         net (fo=0)                   0.000     0.000    clk
    P15                  IBUF (Prop_ibuf_I_O)         0.369     0.369 r  clk_IBUF_inst/O
                         net (fo=1, routed)           0.685     1.053    clk_IBUF
    BUFGCTRL_X0Y0        BUFG (Prop_bufg_I_O)         0.029     1.082 r  clk_IBUF_BUFG_inst/O
                         net (fo=14, routed)          0.861     1.943    clk_IBUF_BUFG
    SLICE_X1Y8           FDCE                                         r  result_reg_reg[3]/C
                         clock pessimism             -0.516     1.427    <hidden>
    SLICE_X1Y8           FDCE (Hold_fdce_C_D)         0.091     1.518    result_reg_reg[3]
  -------------------------------------------------------------------
                         required time                         -1.518    <hidden>
                         arrival time                           1.760    <hidden>
  -------------------------------------------------------------------
                         slack                                  0.243    <hidden>

Slack (MET) :             0.338ns  (arrival time - required time)
  Source:                 a_reg_reg[2]/C
                            (rising edge-triggered cell FDCE clocked by sys_clk  {rise@0.000ns fall@5.000ns period=10.000ns})
  Destination:            result_reg_reg[2]/D
                            (rising edge-triggered cell FDCE clocked by sys_clk  {rise@0.000ns fall@5.000ns period=10.000ns})
  Path Group:             sys_clk
  Path Type:              Hold (Min at Fast Process Corner)
  Requirement:            0.000ns  (sys_clk rise@0.000ns - sys_clk rise@0.000ns)
  Data Path Delay:        0.429ns  (logic 0.186ns (43.343%)  route 0.243ns (56.657%))
  Logic Levels:           1  (LUT6=1)
  Clock Path Skew:        0.000ns (DCD - SCD - CPR)
    Destination Clock Delay (DCD):    1.943ns
    Source Clock Delay      (SCD):    1.427ns
    Clock Pessimism Removal (CPR):    0.516ns

    Location             Delay type                Incr(ns)  Path(ns)    Netlist Resource(s)
  -------------------------------------------------------------------    -------------------
                         (clock sys_clk rise edge)    0.000     0.000 r  <hidden>
    P15                                               0.000     0.000 r  clk
                         net (fo=0)                   0.000     0.000    clk
    P15                  IBUF (Prop_ibuf_I_O)         0.180     0.180 r  clk_IBUF_inst/O
                         net (fo=1, routed)           0.631     0.811    clk_IBUF
    BUFGCTRL_X0Y0        BUFG (Prop_bufg_I_O)         0.026     0.837 r  clk_IBUF_BUFG_inst/O
                         net (fo=14, routed)          0.590     1.427    clk_IBUF_BUFG
    SLICE_X0Y8           FDCE                                         r  a_reg_reg[2]/C
  -------------------------------------------------------------------    -------------------
    SLICE_X0Y8           FDCE (Prop_fdce_C_Q)         0.141     1.568 r  a_reg_reg[2]/Q
                         net (fo=3, routed)           0.243     1.811    a_reg[2]
    SLICE_X0Y8           LUT6 (Prop_lut6_I3_O)        0.045     1.856 r  result_reg[2]_i_1/O
                         net (fo=1, routed)           0.000     1.856    alu_result[2]
    SLICE_X0Y8           FDCE                                         r  result_reg_reg[2]/D
  -------------------------------------------------------------------    -------------------

                         (clock sys_clk rise edge)    0.000     0.000 r  <hidden>
    P15                                               0.000     0.000 r  clk
                         net (fo=0)                   0.000     0.000    clk
    P15                  IBUF (Prop_ibuf_I_O)         0.369     0.369 r  clk_IBUF_inst/O
                         net (fo=1, routed)           0.685     1.053    clk_IBUF
    BUFGCTRL_X0Y0        BUFG (Prop_bufg_I_O)         0.029     1.082 r  clk_IBUF_BUFG_inst/O
                         net (fo=14, routed)          0.861     1.943    clk_IBUF_BUFG
    SLICE_X0Y8           FDCE                                         r  result_reg_reg[2]/C
                         clock pessimism             -0.516     1.427    <hidden>
    SLICE_X0Y8           FDCE (Hold_fdce_C_D)         0.091     1.518    result_reg_reg[2]
  -------------------------------------------------------------------
                         required time                         -1.518    <hidden>
                         arrival time                           1.856    <hidden>
  -------------------------------------------------------------------
                         slack                                  0.338    <hidden>





Pulse Width Checks
--------------------------------------------------------------------------------------
Clock Name:         sys_clk
Waveform(ns):       { 0.000 5.000 }
Period(ns):         10.000
Sources:            { clk }

Check Type        Corner  Lib Pin  Reference Pin  Required(ns)  Actual(ns)  Slack(ns)  Location       Pin
Min Period        n/a     BUFG/I   n/a            2.155         10.000      7.845      BUFGCTRL_X0Y0  clk_IBUF_BUFG_inst/I
Min Period        n/a     FDCE/C   n/a            1.000         10.000      9.000      SLICE_X0Y8     a_reg_reg[0]/C
Min Period        n/a     FDCE/C   n/a            1.000         10.000      9.000      SLICE_X1Y8     a_reg_reg[1]/C
Min Period        n/a     FDCE/C   n/a            1.000         10.000      9.000      SLICE_X0Y8     a_reg_reg[2]/C
Min Period        n/a     FDCE/C   n/a            1.000         10.000      9.000      SLICE_X1Y8     a_reg_reg[3]/C
Min Period        n/a     FDCE/C   n/a            1.000         10.000      9.000      SLICE_X0Y8     b_reg_reg[0]/C
Min Period        n/a     FDCE/C   n/a            1.000         10.000      9.000      SLICE_X1Y8     b_reg_reg[1]/C
Min Period        n/a     FDCE/C   n/a            1.000         10.000      9.000      SLICE_X0Y8     b_reg_reg[2]/C
Min Period        n/a     FDCE/C   n/a            1.000         10.000      9.000      SLICE_X0Y7     b_reg_reg[3]/C
Min Period        n/a     FDCE/C   n/a            1.000         10.000      9.000      SLICE_X0Y8     op_reg_reg[0]/C
Low Pulse Width   Slow    FDCE/C   n/a            0.500         5.000       4.500      SLICE_X0Y8     a_reg_reg[0]/C
Low Pulse Width   Fast    FDCE/C   n/a            0.500         5.000       4.500      SLICE_X0Y8     a_reg_reg[0]/C
Low Pulse Width   Slow    FDCE/C   n/a            0.500         5.000       4.500      SLICE_X1Y8     a_reg_reg[1]/C
Low Pulse Width   Fast    FDCE/C   n/a            0.500         5.000       4.500      SLICE_X1Y8     a_reg_reg[1]/C
Low Pulse Width   Slow    FDCE/C   n/a            0.500         5.000       4.500      SLICE_X0Y8     a_reg_reg[2]/C
Low Pulse Width   Fast    FDCE/C   n/a            0.500         5.000       4.500      SLICE_X0Y8     a_reg_reg[2]/C
Low Pulse Width   Slow    FDCE/C   n/a            0.500         5.000       4.500      SLICE_X1Y8     a_reg_reg[3]/C
Low Pulse Width   Fast    FDCE/C   n/a            0.500         5.000       4.500      SLICE_X1Y8     a_reg_reg[3]/C
Low Pulse Width   Slow    FDCE/C   n/a            0.500         5.000       4.500      SLICE_X0Y8     b_reg_reg[0]/C
Low Pulse Width   Fast    FDCE/C   n/a            0.500         5.000       4.500      SLICE_X0Y8     b_reg_reg[0]/C
High Pulse Width  Slow    FDCE/C   n/a            0.500         5.000       4.500      SLICE_X0Y8     a_reg_reg[0]/C
High Pulse Width  Fast    FDCE/C   n/a            0.500         5.000       4.500      SLICE_X0Y8     a_reg_reg[0]/C
High Pulse Width  Slow    FDCE/C   n/a            0.500         5.000       4.500      SLICE_X1Y8     a_reg_reg[1]/C
High Pulse Width  Fast    FDCE/C   n/a            0.500         5.000       4.500      SLICE_X1Y8     a_reg_reg[1]/C
High Pulse Width  Slow    FDCE/C   n/a            0.500         5.000       4.500      SLICE_X0Y8     a_reg_reg[2]/C
High Pulse Width  Fast    FDCE/C   n/a            0.500         5.000       4.500      SLICE_X0Y8     a_reg_reg[2]/C
High Pulse Width  Slow    FDCE/C   n/a            0.500         5.000       4.500      SLICE_X1Y8     a_reg_reg[3]/C
High Pulse Width  Fast    FDCE/C   n/a            0.500         5.000       4.500      SLICE_X1Y8     a_reg_reg[3]/C
High Pulse Width  Slow    FDCE/C   n/a            0.500         5.000       4.500      SLICE_X0Y8     b_reg_reg[0]/C
High Pulse Width  Fast    FDCE/C   n/a            0.500         5.000       4.500      SLICE_X0Y8     b_reg_reg[0]/C



--------------------------------------------------------------------------------------
Path Group:  (none)
From Clock:  
  To Clock:  

Max Delay             4 Endpoints
Min Delay             4 Endpoints
--------------------------------------------------------------------------------------


Max Delay Paths
--------------------------------------------------------------------------------------
Slack:                    inf
  Source:                 oe
                            (input port)
  Destination:            result[3]
                            (output port)
  Path Group:             (none)
  Path Type:              Max at Slow Process Corner
  Data Path Delay:        6.912ns  (logic 3.723ns (53.865%)  route 3.189ns (46.135%))
  Logic Levels:           3  (IBUF=1 LUT1=1 OBUFT=1)

    Location             Delay type                Incr(ns)  Path(ns)    Netlist Resource(s)
  -------------------------------------------------------------------    -------------------
    U14                                               0.000     0.000 r  oe
                         net (fo=0)                   0.000     0.000    oe
    U14                  IBUF (Prop_ibuf_I_O)         0.959     0.959 r  oe_IBUF_inst/O
                         net (fo=1, routed)           1.070     2.029    oe_IBUF
    SLICE_X0Y10          LUT1 (Prop_lut1_I0_O)        0.124     2.153 f  result_OBUFT[3]_inst_i_1/O
                         net (fo=4, routed)           2.119     4.272    result_TRI[0]
    U16                  OBUFT (TriStatE_obuft_T_O)
                                                      2.640     6.912 r  result_OBUFT[3]_inst/O
                         net (fo=0)                   0.000     6.912    result[3]
    U16                                                               r  result[3]
  -------------------------------------------------------------------    -------------------

Slack:                    inf
  Source:                 oe
                            (input port)
  Destination:            result[2]
                            (output port)
  Path Group:             (none)
  Path Type:              Max at Slow Process Corner
  Data Path Delay:        6.783ns  (logic 3.734ns (55.052%)  route 3.049ns (44.948%))
  Logic Levels:           3  (IBUF=1 LUT1=1 OBUFT=1)

    Location             Delay type                Incr(ns)  Path(ns)    Netlist Resource(s)
  -------------------------------------------------------------------    -------------------
    U14                                               0.000     0.000 r  oe
                         net (fo=0)                   0.000     0.000    oe
    U14                  IBUF (Prop_ibuf_I_O)         0.959     0.959 r  oe_IBUF_inst/O
                         net (fo=1, routed)           1.070     2.029    oe_IBUF
    SLICE_X0Y10          LUT1 (Prop_lut1_I0_O)        0.124     2.153 f  result_OBUFT[3]_inst_i_1/O
                         net (fo=4, routed)           1.979     4.132    result_TRI[0]
    V16                  OBUFT (TriStatE_obuft_T_O)
                                                      2.651     6.783 r  result_OBUFT[2]_inst/O
                         net (fo=0)                   0.000     6.783    result[2]
    V16                                                               r  result[2]
  -------------------------------------------------------------------    -------------------

Slack:                    inf
  Source:                 oe
                            (input port)
  Destination:            result[1]
                            (output port)
  Path Group:             (none)
  Path Type:              Max at Slow Process Corner
  Data Path Delay:        6.632ns  (logic 3.733ns (56.291%)  route 2.899ns (43.709%))
  Logic Levels:           3  (IBUF=1 LUT1=1 OBUFT=1)

    Location             Delay type                Incr(ns)  Path(ns)    Netlist Resource(s)
  -------------------------------------------------------------------    -------------------
    U14                                               0.000     0.000 r  oe
                         net (fo=0)                   0.000     0.000    oe
    U14                  IBUF (Prop_ibuf_I_O)         0.959     0.959 r  oe_IBUF_inst/O
                         net (fo=1, routed)           1.070     2.029    oe_IBUF
    SLICE_X0Y10          LUT1 (Prop_lut1_I0_O)        0.124     2.153 f  result_OBUFT[3]_inst_i_1/O
                         net (fo=4, routed)           1.829     3.982    result_TRI[0]
    V17                  OBUFT (TriStatE_obuft_T_O)
                                                      2.650     6.632 r  result_OBUFT[1]_inst/O
                         net (fo=0)                   0.000     6.632    result[1]
    V17                                                               r  result[1]
  -------------------------------------------------------------------    -------------------

Slack:                    inf
  Source:                 oe
                            (input port)
  Destination:            result[0]
                            (output port)
  Path Group:             (none)
  Path Type:              Max at Slow Process Corner
  Data Path Delay:        6.457ns  (logic 3.708ns (57.425%)  route 2.749ns (42.575%))
  Logic Levels:           3  (IBUF=1 LUT1=1 OBUFT=1)

    Location             Delay type                Incr(ns)  Path(ns)    Netlist Resource(s)
  -------------------------------------------------------------------    -------------------
    U14                                               0.000     0.000 r  oe
                         net (fo=0)                   0.000     0.000    oe
    U14                  IBUF (Prop_ibuf_I_O)         0.959     0.959 r  oe_IBUF_inst/O
                         net (fo=1, routed)           1.070     2.029    oe_IBUF
    SLICE_X0Y10          LUT1 (Prop_lut1_I0_O)        0.124     2.153 f  result_OBUFT[3]_inst_i_1/O
                         net (fo=4, routed)           1.679     3.832    result_TRI[0]
    R13                  OBUFT (TriStatE_obuft_T_O)
                                                      2.625     6.457 r  result_OBUFT[0]_inst/O
                         net (fo=0)                   0.000     6.457    result[0]
    R13                                                               r  result[0]
  -------------------------------------------------------------------    -------------------





Min Delay Paths
--------------------------------------------------------------------------------------
Slack:                    inf
  Source:                 oe
                            (input port)
  Destination:            result[0]
                            (output port)
  Path Group:             (none)
  Path Type:              Min at Fast Process Corner
  Data Path Delay:        2.047ns  (logic 1.030ns (50.320%)  route 1.017ns (49.680%))
  Logic Levels:           3  (IBUF=1 LUT1=1 OBUFT=1)

    Location             Delay type                Incr(ns)  Path(ns)    Netlist Resource(s)
  -------------------------------------------------------------------    -------------------
    U14                                               0.000     0.000 r  oe
                         net (fo=0)                   0.000     0.000    oe
    U14                  IBUF (Prop_ibuf_I_O)         0.188     0.188 r  oe_IBUF_inst/O
                         net (fo=1, routed)           0.407     0.595    oe_IBUF
    SLICE_X0Y10          LUT1 (Prop_lut1_I0_O)        0.045     0.640 f  result_OBUFT[3]_inst_i_1/O
                         net (fo=4, routed)           0.610     1.250    result_TRI[0]
    R13                  OBUFT (TriStatE_obuft_T_O)
                                                      0.797     2.047 r  result_OBUFT[0]_inst/O
                         net (fo=0)                   0.000     2.047    result[0]
    R13                                                               r  result[0]
  -------------------------------------------------------------------    -------------------

Slack:                    inf
  Source:                 oe
                            (input port)
  Destination:            result[1]
                            (output port)
  Path Group:             (none)
  Path Type:              Min at Fast Process Corner
  Data Path Delay:        2.137ns  (logic 1.055ns (49.380%)  route 1.082ns (50.620%))
  Logic Levels:           3  (IBUF=1 LUT1=1 OBUFT=1)

    Location             Delay type                Incr(ns)  Path(ns)    Netlist Resource(s)
  -------------------------------------------------------------------    -------------------
    U14                                               0.000     0.000 r  oe
                         net (fo=0)                   0.000     0.000    oe
    U14                  IBUF (Prop_ibuf_I_O)         0.188     0.188 r  oe_IBUF_inst/O
                         net (fo=1, routed)           0.407     0.595    oe_IBUF
    SLICE_X0Y10          LUT1 (Prop_lut1_I0_O)        0.045     0.640 f  result_OBUFT[3]_inst_i_1/O
                         net (fo=4, routed)           0.675     1.315    result_TRI[0]
    V17                  OBUFT (TriStatE_obuft_T_O)
                                                      0.822     2.137 r  result_OBUFT[1]_inst/O
                         net (fo=0)                   0.000     2.137    result[1]
    V17                                                               r  result[1]
  -------------------------------------------------------------------    -------------------

Slack:                    inf
  Source:                 oe
                            (input port)
  Destination:            result[2]
                            (output port)
  Path Group:             (none)
  Path Type:              Min at Fast Process Corner
  Data Path Delay:        2.203ns  (logic 1.056ns (47.945%)  route 1.147ns (52.055%))
  Logic Levels:           3  (IBUF=1 LUT1=1 OBUFT=1)

    Location             Delay type                Incr(ns)  Path(ns)    Netlist Resource(s)
  -------------------------------------------------------------------    -------------------
    U14                                               0.000     0.000 r  oe
                         net (fo=0)                   0.000     0.000    oe
    U14                  IBUF (Prop_ibuf_I_O)         0.188     0.188 r  oe_IBUF_inst/O
                         net (fo=1, routed)           0.407     0.595    oe_IBUF
    SLICE_X0Y10          LUT1 (Prop_lut1_I0_O)        0.045     0.640 f  result_OBUFT[3]_inst_i_1/O
                         net (fo=4, routed)           0.740     1.380    result_TRI[0]
    V16                  OBUFT (TriStatE_obuft_T_O)
                                                      0.823     2.203 r  result_OBUFT[2]_inst/O
                         net (fo=0)                   0.000     2.203    result[2]
    V16                                                               r  result[2]
  -------------------------------------------------------------------    -------------------

Slack:                    inf
  Source:                 oe
                            (input port)
  Destination:            result[3]
                            (output port)
  Path Group:             (none)
  Path Type:              Min at Fast Process Corner
  Data Path Delay:        2.247ns  (logic 1.045ns (46.518%)  route 1.202ns (53.482%))
  Logic Levels:           3  (IBUF=1 LUT1=1 OBUFT=1)

    Location             Delay type                Incr(ns)  Path(ns)    Netlist Resource(s)
  -------------------------------------------------------------------    -------------------
    U14                                               0.000     0.000 r  oe
                         net (fo=0)                   0.000     0.000    oe
    U14                  IBUF (Prop_ibuf_I_O)         0.188     0.188 r  oe_IBUF_inst/O
                         net (fo=1, routed)           0.407     0.595    oe_IBUF
    SLICE_X0Y10          LUT1 (Prop_lut1_I0_O)        0.045     0.640 f  result_OBUFT[3]_inst_i_1/O
                         net (fo=4, routed)           0.795     1.435    result_TRI[0]
    U16                  OBUFT (TriStatE_obuft_T_O)
                                                      0.812     2.247 r  result_OBUFT[3]_inst/O
                         net (fo=0)                   0.000     2.247    result[3]
    U16                                                               r  result[3]
  -------------------------------------------------------------------    -------------------





--------------------------------------------------------------------------------------
Path Group:  (none)
From Clock:  sys_clk
  To Clock:  

Max Delay             4 Endpoints
Min Delay             4 Endpoints
--------------------------------------------------------------------------------------


Max Delay Paths
--------------------------------------------------------------------------------------
Slack:                    inf
  Source:                 result_reg_reg[2]/C
                            (rising edge-triggered cell FDCE clocked by sys_clk  {rise@0.000ns fall@5.000ns period=10.000ns})
  Destination:            result[2]
                            (output port)
  Path Group:             (none)
  Path Type:              Max at Slow Process Corner
  Data Path Delay:        4.948ns  (logic 3.092ns (62.490%)  route 1.856ns (37.510%))
  Logic Levels:           1  (OBUFT=1)
  Clock Uncertainty:      0.025ns  ((TSJ^2 + TIJ^2)^1/2 + DJ) / 2 + PE
    Total System Jitter     (TSJ):    0.050ns
    Total Input Jitter      (TIJ):    0.000ns
    Discrete Jitter          (DJ):    0.000ns
    Phase Error              (PE):    0.000ns

    Location             Delay type                Incr(ns)  Path(ns)    Netlist Resource(s)
  -------------------------------------------------------------------    -------------------
                         (clock sys_clk rise edge)    0.000     0.000 r  <hidden>
    P15                                               0.000     0.000 r  clk
                         net (fo=0)                   0.000     0.000    clk
    P15                  IBUF (Prop_ibuf_I_O)         0.951     0.951 r  clk_IBUF_inst/O
                         net (fo=1, routed)           1.966     2.916    clk_IBUF
    BUFGCTRL_X0Y0        BUFG (Prop_bufg_I_O)         0.096     3.012 r  clk_IBUF_BUFG_inst/O
                         net (fo=14, routed)          1.629     4.642    clk_IBUF_BUFG
    SLICE_X0Y8           FDCE                                         r  result_reg_reg[2]/C
  -------------------------------------------------------------------    -------------------
    SLICE_X0Y8           FDCE (Prop_fdce_C_Q)         0.456     5.098 r  result_reg_reg[2]/Q
                         net (fo=1, routed)           1.856     6.954    result_OBUF[2]
    V16                  OBUFT (Prop_obuft_I_O)       2.636     9.590 r  result_OBUFT[2]_inst/O
                         net (fo=0)                   0.000     9.590    result[2]
    V16                                                               r  result[2]
  -------------------------------------------------------------------    -------------------

Slack:                    inf
  Source:                 result_reg_reg[3]/C
                            (rising edge-triggered cell FDCE clocked by sys_clk  {rise@0.000ns fall@5.000ns period=10.000ns})
  Destination:            result[3]
                            (output port)
  Path Group:             (none)
  Path Type:              Max at Slow Process Corner
  Data Path Delay:        4.945ns  (logic 3.081ns (62.303%)  route 1.864ns (37.697%))
  Logic Levels:           1  (OBUFT=1)
  Clock Uncertainty:      0.025ns  ((TSJ^2 + TIJ^2)^1/2 + DJ) / 2 + PE
    Total System Jitter     (TSJ):    0.050ns
    Total Input Jitter      (TIJ):    0.000ns
    Discrete Jitter          (DJ):    0.000ns
    Phase Error              (PE):    0.000ns

    Location             Delay type                Incr(ns)  Path(ns)    Netlist Resource(s)
  -------------------------------------------------------------------    -------------------
                         (clock sys_clk rise edge)    0.000     0.000 r  <hidden>
    P15                                               0.000     0.000 r  clk
                         net (fo=0)                   0.000     0.000    clk
    P15                  IBUF (Prop_ibuf_I_O)         0.951     0.951 r  clk_IBUF_inst/O
                         net (fo=1, routed)           1.966     2.916    clk_IBUF
    BUFGCTRL_X0Y0        BUFG (Prop_bufg_I_O)         0.096     3.012 r  clk_IBUF_BUFG_inst/O
                         net (fo=14, routed)          1.629     4.642    clk_IBUF_BUFG
    SLICE_X1Y8           FDCE                                         r  result_reg_reg[3]/C
  -------------------------------------------------------------------    -------------------
    SLICE_X1Y8           FDCE (Prop_fdce_C_Q)         0.456     5.098 r  result_reg_reg[3]/Q
                         net (fo=1, routed)           1.864     6.962    result_OBUF[3]
    U16                  OBUFT (Prop_obuft_I_O)       2.625     9.587 r  result_OBUFT[3]_inst/O
                         net (fo=0)                   0.000     9.587    result[3]
    U16                                                               r  result[3]
  -------------------------------------------------------------------    -------------------

Slack:                    inf
  Source:                 result_reg_reg[0]/C
                            (rising edge-triggered cell FDCE clocked by sys_clk  {rise@0.000ns fall@5.000ns period=10.000ns})
  Destination:            result[0]
                            (output port)
  Path Group:             (none)
  Path Type:              Max at Slow Process Corner
  Data Path Delay:        4.932ns  (logic 3.065ns (62.157%)  route 1.866ns (37.843%))
  Logic Levels:           1  (OBUFT=1)
  Clock Uncertainty:      0.025ns  ((TSJ^2 + TIJ^2)^1/2 + DJ) / 2 + PE
    Total System Jitter     (TSJ):    0.050ns
    Total Input Jitter      (TIJ):    0.000ns
    Discrete Jitter          (DJ):    0.000ns
    Phase Error              (PE):    0.000ns

    Location             Delay type                Incr(ns)  Path(ns)    Netlist Resource(s)
  -------------------------------------------------------------------    -------------------
                         (clock sys_clk rise edge)    0.000     0.000 r  <hidden>
    P15                                               0.000     0.000 r  clk
                         net (fo=0)                   0.000     0.000    clk
    P15                  IBUF (Prop_ibuf_I_O)         0.951     0.951 r  clk_IBUF_inst/O
                         net (fo=1, routed)           1.966     2.916    clk_IBUF
    BUFGCTRL_X0Y0        BUFG (Prop_bufg_I_O)         0.096     3.012 r  clk_IBUF_BUFG_inst/O
                         net (fo=14, routed)          1.629     4.642    clk_IBUF_BUFG
    SLICE_X0Y8           FDCE                                         r  result_reg_reg[0]/C
  -------------------------------------------------------------------    -------------------
    SLICE_X0Y8           FDCE (Prop_fdce_C_Q)         0.456     5.098 r  result_reg_reg[0]/Q
                         net (fo=1, routed)           1.866     6.964    result_OBUF[0]
    R13                  OBUFT (Prop_obuft_I_O)       2.609     9.573 r  result_OBUFT[0]_inst/O
                         net (fo=0)                   0.000     9.573    result[0]
    R13                                                               r  result[0]
  -------------------------------------------------------------------    -------------------

Slack:                    inf
  Source:                 result_reg_reg[1]/C
                            (rising edge-triggered cell FDCE clocked by sys_clk  {rise@0.000ns fall@5.000ns period=10.000ns})
  Destination:            result[1]
                            (output port)
  Path Group:             (none)
  Path Type:              Max at Slow Process Corner
  Data Path Delay:        4.815ns  (logic 3.091ns (64.201%)  route 1.724ns (35.799%))
  Logic Levels:           1  (OBUFT=1)
  Clock Uncertainty:      0.025ns  ((TSJ^2 + TIJ^2)^1/2 + DJ) / 2 + PE
    Total System Jitter     (TSJ):    0.050ns
    Total Input Jitter      (TIJ):    0.000ns
    Discrete Jitter          (DJ):    0.000ns
    Phase Error              (PE):    0.000ns

    Location             Delay type                Incr(ns)  Path(ns)    Netlist Resource(s)
  -------------------------------------------------------------------    -------------------
                         (clock sys_clk rise edge)    0.000     0.000 r  <hidden>
    P15                                               0.000     0.000 r  clk
                         net (fo=0)                   0.000     0.000    clk
    P15                  IBUF (Prop_ibuf_I_O)         0.951     0.951 r  clk_IBUF_inst/O
                         net (fo=1, routed)           1.966     2.916    clk_IBUF
    BUFGCTRL_X0Y0        BUFG (Prop_bufg_I_O)         0.096     3.012 r  clk_IBUF_BUFG_inst/O
                         net (fo=14, routed)          1.629     4.642    clk_IBUF_BUFG
    SLICE_X1Y8           FDCE                                         r  result_reg_reg[1]/C
  -------------------------------------------------------------------    -------------------
    SLICE_X1Y8           FDCE (Prop_fdce_C_Q)         0.456     5.098 r  result_reg_reg[1]/Q
                         net (fo=1, routed)           1.724     6.821    result_OBUF[1]
    V17                  OBUFT (Prop_obuft_I_O)       2.635     9.456 r  result_OBUFT[1]_inst/O
                         net (fo=0)                   0.000     9.456    result[1]
    V17                                                               r  result[1]
  -------------------------------------------------------------------    -------------------





Min Delay Paths
--------------------------------------------------------------------------------------
Slack:                    inf
  Source:                 result_reg_reg[1]/C
                            (rising edge-triggered cell FDCE clocked by sys_clk  {rise@0.000ns fall@5.000ns period=10.000ns})
  Destination:            result[1]
                            (output port)
  Path Group:             (none)
  Path Type:              Min at Fast Process Corner
  Data Path Delay:        1.643ns  (logic 1.293ns (78.669%)  route 0.351ns (21.331%))
  Logic Levels:           1  (OBUFT=1)
  Clock Uncertainty:      0.025ns  ((TSJ^2 + TIJ^2)^1/2 + DJ) / 2 + PE
    Total System Jitter     (TSJ):    0.050ns
    Total Input Jitter      (TIJ):    0.000ns
    Discrete Jitter          (DJ):    0.000ns
    Phase Error              (PE):    0.000ns

    Location             Delay type                Incr(ns)  Path(ns)    Netlist Resource(s)
  -------------------------------------------------------------------    -------------------
                         (clock sys_clk rise edge)    0.000     0.000 r  <hidden>
    P15                                               0.000     0.000 r  clk
                         net (fo=0)                   0.000     0.000    clk
    P15                  IBUF (Prop_ibuf_I_O)         0.180     0.180 r  clk_IBUF_inst/O
                         net (fo=1, routed)           0.631     0.811    clk_IBUF
    BUFGCTRL_X0Y0        BUFG (Prop_bufg_I_O)         0.026     0.837 r  clk_IBUF_BUFG_inst/O
                         net (fo=14, routed)          0.590     1.427    clk_IBUF_BUFG
    SLICE_X1Y8           FDCE                                         r  result_reg_reg[1]/C
  -------------------------------------------------------------------    -------------------
    SLICE_X1Y8           FDCE (Prop_fdce_C_Q)         0.141     1.568 r  result_reg_reg[1]/Q
                         net (fo=1, routed)           0.351     1.918    result_OBUF[1]
    V17                  OBUFT (Prop_obuft_I_O)       1.152     3.070 r  result_OBUFT[1]_inst/O
                         net (fo=0)                   0.000     3.070    result[1]
    V17                                                               r  result[1]
  -------------------------------------------------------------------    -------------------

Slack:                    inf
  Source:                 result_reg_reg[0]/C
                            (rising edge-triggered cell FDCE clocked by sys_clk  {rise@0.000ns fall@5.000ns period=10.000ns})
  Destination:            result[0]
                            (output port)
  Path Group:             (none)
  Path Type:              Min at Fast Process Corner
  Data Path Delay:        1.679ns  (logic 1.267ns (75.499%)  route 0.411ns (24.501%))
  Logic Levels:           1  (OBUFT=1)
  Clock Uncertainty:      0.025ns  ((TSJ^2 + TIJ^2)^1/2 + DJ) / 2 + PE
    Total System Jitter     (TSJ):    0.050ns
    Total Input Jitter      (TIJ):    0.000ns
    Discrete Jitter          (DJ):    0.000ns
    Phase Error              (PE):    0.000ns

    Location             Delay type                Incr(ns)  Path(ns)    Netlist Resource(s)
  -------------------------------------------------------------------    -------------------
                         (clock sys_clk rise edge)    0.000     0.000 r  <hidden>
    P15                                               0.000     0.000 r  clk
                         net (fo=0)                   0.000     0.000    clk
    P15                  IBUF (Prop_ibuf_I_O)         0.180     0.180 r  clk_IBUF_inst/O
                         net (fo=1, routed)           0.631     0.811    clk_IBUF
    BUFGCTRL_X0Y0        BUFG (Prop_bufg_I_O)         0.026     0.837 r  clk_IBUF_BUFG_inst/O
                         net (fo=14, routed)          0.590     1.427    clk_IBUF_BUFG
    SLICE_X0Y8           FDCE                                         r  result_reg_reg[0]/C
  -------------------------------------------------------------------    -------------------
    SLICE_X0Y8           FDCE (Prop_fdce_C_Q)         0.141     1.568 r  result_reg_reg[0]/Q
                         net (fo=1, routed)           0.411     1.979    result_OBUF[0]
    R13                  OBUFT (Prop_obuft_I_O)       1.126     3.105 r  result_OBUFT[0]_inst/O
                         net (fo=0)                   0.000     3.105    result[0]
    R13                                                               r  result[0]
  -------------------------------------------------------------------    -------------------

Slack:                    inf
  Source:                 result_reg_reg[3]/C
                            (rising edge-triggered cell FDCE clocked by sys_clk  {rise@0.000ns fall@5.000ns period=10.000ns})
  Destination:            result[3]
                            (output port)
  Path Group:             (none)
  Path Type:              Min at Fast Process Corner
  Data Path Delay:        1.685ns  (logic 1.283ns (76.134%)  route 0.402ns (23.866%))
  Logic Levels:           1  (OBUFT=1)
  Clock Uncertainty:      0.025ns  ((TSJ^2 + TIJ^2)^1/2 + DJ) / 2 + PE
    Total System Jitter     (TSJ):    0.050ns
    Total Input Jitter      (TIJ):    0.000ns
    Discrete Jitter          (DJ):    0.000ns
    Phase Error              (PE):    0.000ns

    Location             Delay type                Incr(ns)  Path(ns)    Netlist Resource(s)
  -------------------------------------------------------------------    -------------------
                         (clock sys_clk rise edge)    0.000     0.000 r  <hidden>
    P15                                               0.000     0.000 r  clk
                         net (fo=0)                   0.000     0.000    clk
    P15                  IBUF (Prop_ibuf_I_O)         0.180     0.180 r  clk_IBUF_inst/O
                         net (fo=1, routed)           0.631     0.811    clk_IBUF
    BUFGCTRL_X0Y0        BUFG (Prop_bufg_I_O)         0.026     0.837 r  clk_IBUF_BUFG_inst/O
                         net (fo=14, routed)          0.590     1.427    clk_IBUF_BUFG
    SLICE_X1Y8           FDCE                                         r  result_reg_reg[3]/C
  -------------------------------------------------------------------    -------------------
    SLICE_X1Y8           FDCE (Prop_fdce_C_Q)         0.141     1.568 r  result_reg_reg[3]/Q
                         net (fo=1, routed)           0.402     1.970    result_OBUF[3]
    U16                  OBUFT (Prop_obuft_I_O)       1.142     3.111 r  result_OBUFT[3]_inst/O
                         net (fo=0)                   0.000     3.111    result[3]
    U16                                                               r  result[3]
  -------------------------------------------------------------------    -------------------

Slack:                    inf
  Source:                 result_reg_reg[2]/C
                            (rising edge-triggered cell FDCE clocked by sys_clk  {rise@0.000ns fall@5.000ns period=10.000ns})
  Destination:            result[2]
                            (output port)
  Path Group:             (none)
  Path Type:              Min at Fast Process Corner
  Data Path Delay:        1.710ns  (logic 1.294ns (75.672%)  route 0.416ns (24.328%))
  Logic Levels:           1  (OBUFT=1)
  Clock Uncertainty:      0.025ns  ((TSJ^2 + TIJ^2)^1/2 + DJ) / 2 + PE
    Total System Jitter     (TSJ):    0.050ns
    Total Input Jitter      (TIJ):    0.000ns
    Discrete Jitter          (DJ):    0.000ns
    Phase Error              (PE):    0.000ns

    Location             Delay type                Incr(ns)  Path(ns)    Netlist Resource(s)
  -------------------------------------------------------------------    -------------------
                         (clock sys_clk rise edge)    0.000     0.000 r  <hidden>
    P15                                               0.000     0.000 r  clk
                         net (fo=0)                   0.000     0.000    clk
    P15                  IBUF (Prop_ibuf_I_O)         0.180     0.180 r  clk_IBUF_inst/O
                         net (fo=1, routed)           0.631     0.811    clk_IBUF
    BUFGCTRL_X0Y0        BUFG (Prop_bufg_I_O)         0.026     0.837 r  clk_IBUF_BUFG_inst/O
                         net (fo=14, routed)          0.590     1.427    clk_IBUF_BUFG
    SLICE_X0Y8           FDCE                                         r  result_reg_reg[2]/C
  -------------------------------------------------------------------    -------------------
    SLICE_X0Y8           FDCE (Prop_fdce_C_Q)         0.141     1.568 r  result_reg_reg[2]/Q
                         net (fo=1, routed)           0.416     1.983    result_OBUF[2]
    V16                  OBUFT (Prop_obuft_I_O)       1.153     3.136 r  result_OBUFT[2]_inst/O
                         net (fo=0)                   0.000     3.136    result[2]
    V16                                                               r  result[2]
  -------------------------------------------------------------------    -------------------





--------------------------------------------------------------------------------------
Path Group:  (none)
From Clock:  
  To Clock:  sys_clk

Max Delay            24 Endpoints
Min Delay            24 Endpoints
--------------------------------------------------------------------------------------


Max Delay Paths
--------------------------------------------------------------------------------------
Slack:                    inf
  Source:                 rst
                            (input port)
  Destination:            b_reg_reg[3]/CLR
                            (recovery check against rising-edge clock sys_clk  {rise@0.000ns fall@5.000ns period=10.000ns})
  Path Group:             (none)
  Path Type:              Recovery (Max at Slow Process Corner)
  Data Path Delay:        2.287ns  (logic 0.951ns (41.584%)  route 1.336ns (58.416%))
  Logic Levels:           1  (IBUF=1)
  Clock Path Skew:        4.281ns (DCD - SCD + CPR)
    Destination Clock Delay (DCD):    4.281ns
    Source Clock Delay      (SCD):    0.000ns
    Clock Pessimism Removal (CPR):    0.000ns
  Clock Uncertainty:      0.025ns  ((TSJ^2 + TIJ^2)^1/2 + DJ) / 2 + PE
    Total System Jitter     (TSJ):    0.050ns
    Total Input Jitter      (TIJ):    0.000ns
    Discrete Jitter          (DJ):    0.000ns
    Phase Error              (PE):    0.000ns

    Location             Delay type                Incr(ns)  Path(ns)    Netlist Resource(s)
  -------------------------------------------------------------------    -------------------
    T13                                               0.000     0.000 f  rst
                         net (fo=0)                   0.000     0.000    rst
    T13                  IBUF (Prop_ibuf_I_O)         0.951     0.951 f  rst_IBUF_inst/O
                         net (fo=14, routed)          1.336     2.287    rst_IBUF
    SLICE_X0Y7           FDCE                                         f  b_reg_reg[3]/CLR
  -------------------------------------------------------------------    -------------------

                         (clock sys_clk rise edge)    0.000     0.000 r  <hidden>
    P15                                               0.000     0.000 r  clk
                         net (fo=0)                   0.000     0.000    clk
    P15                  IBUF (Prop_ibuf_I_O)         0.817     0.817 r  clk_IBUF_inst/O
                         net (fo=1, routed)           1.862     2.679    clk_IBUF
    BUFGCTRL_X0Y0        BUFG (Prop_bufg_I_O)         0.091     2.770 r  clk_IBUF_BUFG_inst/O
                         net (fo=14, routed)          1.510     4.281    clk_IBUF_BUFG
    SLICE_X0Y7           FDCE                                         r  b_reg_reg[3]/C

Slack:                    inf
  Source:                 b[0]
                            (input port)
  Destination:            b_reg_reg[0]/D
                            (rising edge-triggered cell FDCE clocked by sys_clk  {rise@0.000ns fall@5.000ns period=10.000ns})
  Path Group:             (none)
  Path Type:              Setup (Max at Slow Process Corner)
  Data Path Delay:        2.178ns  (logic 0.955ns (43.855%)  route 1.223ns (56.145%))
  Logic Levels:           1  (IBUF=1)
  Clock Path Skew:        4.281ns (DCD - SCD + CPR)
    Destination Clock Delay (DCD):    4.281ns
    Source Clock Delay      (SCD):    0.000ns
    Clock Pessimism Removal (CPR):    0.000ns
  Clock Uncertainty:      0.025ns  ((TSJ^2 + TIJ^2)^1/2 + DJ) / 2 + PE
    Total System Jitter     (TSJ):    0.050ns
    Total Input Jitter      (TIJ):    0.000ns
    Discrete Jitter          (DJ):    0.000ns
    Phase Error              (PE):    0.000ns

    Location             Delay type                Incr(ns)  Path(ns)    Netlist Resource(s)
  -------------------------------------------------------------------    -------------------
    U11                                               0.000     0.000 r  b[0]
                         net (fo=0)                   0.000     0.000    b[0]
    U11                  IBUF (Prop_ibuf_I_O)         0.955     0.955 r  b_IBUF[0]_inst/O
                         net (fo=1, routed)           1.223     2.178    b_IBUF[0]
    SLICE_X0Y8           FDCE                                         r  b_reg_reg[0]/D
  -------------------------------------------------------------------    -------------------

                         (clock sys_clk rise edge)    0.000     0.000 r  <hidden>
    P15                                               0.000     0.000 r  clk
                         net (fo=0)                   0.000     0.000    clk
    P15                  IBUF (Prop_ibuf_I_O)         0.817     0.817 r  clk_IBUF_inst/O
                         net (fo=1, routed)           1.862     2.679    clk_IBUF
    BUFGCTRL_X0Y0        BUFG (Prop_bufg_I_O)         0.091     2.770 r  clk_IBUF_BUFG_inst/O
                         net (fo=14, routed)          1.510     4.281    clk_IBUF_BUFG
    SLICE_X0Y8           FDCE                                         r  b_reg_reg[0]/C

Slack:                    inf
  Source:                 rst
                            (input port)
  Destination:            a_reg_reg[0]/CLR
                            (recovery check against rising-edge clock sys_clk  {rise@0.000ns fall@5.000ns period=10.000ns})
  Path Group:             (none)
  Path Type:              Recovery (Max at Slow Process Corner)
  Data Path Delay:        2.156ns  (logic 0.951ns (44.096%)  route 1.206ns (55.904%))
  Logic Levels:           1  (IBUF=1)
  Clock Path Skew:        4.281ns (DCD - SCD + CPR)
    Destination Clock Delay (DCD):    4.281ns
    Source Clock Delay      (SCD):    0.000ns
    Clock Pessimism Removal (CPR):    0.000ns
  Clock Uncertainty:      0.025ns  ((TSJ^2 + TIJ^2)^1/2 + DJ) / 2 + PE
    Total System Jitter     (TSJ):    0.050ns
    Total Input Jitter      (TIJ):    0.000ns
    Discrete Jitter          (DJ):    0.000ns
    Phase Error              (PE):    0.000ns

    Location             Delay type                Incr(ns)  Path(ns)    Netlist Resource(s)
  -------------------------------------------------------------------    -------------------
    T13                                               0.000     0.000 f  rst
                         net (fo=0)                   0.000     0.000    rst
    T13                  IBUF (Prop_ibuf_I_O)         0.951     0.951 f  rst_IBUF_inst/O
                         net (fo=14, routed)          1.206     2.156    rst_IBUF
    SLICE_X0Y8           FDCE                                         f  a_reg_reg[0]/CLR
  -------------------------------------------------------------------    -------------------

                         (clock sys_clk rise edge)    0.000     0.000 r  <hidden>
    P15                                               0.000     0.000 r  clk
                         net (fo=0)                   0.000     0.000    clk
    P15                  IBUF (Prop_ibuf_I_O)         0.817     0.817 r  clk_IBUF_inst/O
                         net (fo=1, routed)           1.862     2.679    clk_IBUF
    BUFGCTRL_X0Y0        BUFG (Prop_bufg_I_O)         0.091     2.770 r  clk_IBUF_BUFG_inst/O
                         net (fo=14, routed)          1.510     4.281    clk_IBUF_BUFG
    SLICE_X0Y8           FDCE                                         r  a_reg_reg[0]/C

Slack:                    inf
  Source:                 rst
                            (input port)
  Destination:            a_reg_reg[2]/CLR
                            (recovery check against rising-edge clock sys_clk  {rise@0.000ns fall@5.000ns period=10.000ns})
  Path Group:             (none)
  Path Type:              Recovery (Max at Slow Process Corner)
  Data Path Delay:        2.156ns  (logic 0.951ns (44.096%)  route 1.206ns (55.904%))
  Logic Levels:           1  (IBUF=1)
  Clock Path Skew:        4.281ns (DCD - SCD + CPR)
    Destination Clock Delay (DCD):    4.281ns
    Source Clock Delay      (SCD):    0.000ns
    Clock Pessimism Removal (CPR):    0.000ns
  Clock Uncertainty:      0.025ns  ((TSJ^2 + TIJ^2)^1/2 + DJ) / 2 + PE
    Total System Jitter     (TSJ):    0.050ns
    Total Input Jitter      (TIJ):    0.000ns
    Discrete Jitter          (DJ):    0.000ns
    Phase Error              (PE):    0.000ns

    Location             Delay type                Incr(ns)  Path(ns)    Netlist Resource(s)
  -------------------------------------------------------------------    -------------------
    T13                                               0.000     0.000 f  rst
                         net (fo=0)                   0.000     0.000    rst
    T13                  IBUF (Prop_ibuf_I_O)         0.951     0.951 f  rst_IBUF_inst/O
                         net (fo=14, routed)          1.206     2.156    rst_IBUF
    SLICE_X0Y8           FDCE                                         f  a_reg_reg[2]/CLR
  -------------------------------------------------------------------    -------------------

                         (clock sys_clk rise edge)    0.000     0.000 r  <hidden>
    P15                                               0.000     0.000 r  clk
                         net (fo=0)                   0.000     0.000    clk
    P15                  IBUF (Prop_ibuf_I_O)         0.817     0.817 r  clk_IBUF_inst/O
                         net (fo=1, routed)           1.862     2.679    clk_IBUF
    BUFGCTRL_X0Y0        BUFG (Prop_bufg_I_O)         0.091     2.770 r  clk_IBUF_BUFG_inst/O
                         net (fo=14, routed)          1.510     4.281    clk_IBUF_BUFG
    SLICE_X0Y8           FDCE                                         r  a_reg_reg[2]/C

Slack:                    inf
  Source:                 rst
                            (input port)
  Destination:            b_reg_reg[0]/CLR
                            (recovery check against rising-edge clock sys_clk  {rise@0.000ns fall@5.000ns period=10.000ns})
  Path Group:             (none)
  Path Type:              Recovery (Max at Slow Process Corner)
  Data Path Delay:        2.156ns  (logic 0.951ns (44.096%)  route 1.206ns (55.904%))
  Logic Levels:           1  (IBUF=1)
  Clock Path Skew:        4.281ns (DCD - SCD + CPR)
    Destination Clock Delay (DCD):    4.281ns
    Source Clock Delay      (SCD):    0.000ns
    Clock Pessimism Removal (CPR):    0.000ns
  Clock Uncertainty:      0.025ns  ((TSJ^2 + TIJ^2)^1/2 + DJ) / 2 + PE
    Total System Jitter     (TSJ):    0.050ns
    Total Input Jitter      (TIJ):    0.000ns
    Discrete Jitter          (DJ):    0.000ns
    Phase Error              (PE):    0.000ns

    Location             Delay type                Incr(ns)  Path(ns)    Netlist Resource(s)
  -------------------------------------------------------------------    -------------------
    T13                                               0.000     0.000 f  rst
                         net (fo=0)                   0.000     0.000    rst
    T13                  IBUF (Prop_ibuf_I_O)         0.951     0.951 f  rst_IBUF_inst/O
                         net (fo=14, routed)          1.206     2.156    rst_IBUF
    SLICE_X0Y8           FDCE                                         f  b_reg_reg[0]/CLR
  -------------------------------------------------------------------    -------------------

                         (clock sys_clk rise edge)    0.000     0.000 r  <hidden>
    P15                                               0.000     0.000 r  clk
                         net (fo=0)                   0.000     0.000    clk
    P15                  IBUF (Prop_ibuf_I_O)         0.817     0.817 r  clk_IBUF_inst/O
                         net (fo=1, routed)           1.862     2.679    clk_IBUF
    BUFGCTRL_X0Y0        BUFG (Prop_bufg_I_O)         0.091     2.770 r  clk_IBUF_BUFG_inst/O
                         net (fo=14, routed)          1.510     4.281    clk_IBUF_BUFG
    SLICE_X0Y8           FDCE                                         r  b_reg_reg[0]/C

Slack:                    inf
  Source:                 rst
                            (input port)
  Destination:            b_reg_reg[2]/CLR
                            (recovery check against rising-edge clock sys_clk  {rise@0.000ns fall@5.000ns period=10.000ns})
  Path Group:             (none)
  Path Type:              Recovery (Max at Slow Process Corner)
  Data Path Delay:        2.156ns  (logic 0.951ns (44.096%)  route 1.206ns (55.904%))
  Logic Levels:           1  (IBUF=1)
  Clock Path Skew:        4.281ns (DCD - SCD + CPR)
    Destination Clock Delay (DCD):    4.281ns
    Source Clock Delay      (SCD):    0.000ns
    Clock Pessimism Removal (CPR):    0.000ns
  Clock Uncertainty:      0.025ns  ((TSJ^2 + TIJ^2)^1/2 + DJ) / 2 + PE
    Total System Jitter     (TSJ):    0.050ns
    Total Input Jitter      (TIJ):    0.000ns
    Discrete Jitter          (DJ):    0.000ns
    Phase Error              (PE):    0.000ns

    Location             Delay type                Incr(ns)  Path(ns)    Netlist Resource(s)
  -------------------------------------------------------------------    -------------------
    T13                                               0.000     0.000 f  rst
                         net (fo=0)                   0.000     0.000    rst
    T13                  IBUF (Prop_ibuf_I_O)         0.951     0.951 f  rst_IBUF_inst/O
                         net (fo=14, routed)          1.206     2.156    rst_IBUF
    SLICE_X0Y8           FDCE                                         f  b_reg_reg[2]/CLR
  -------------------------------------------------------------------    -------------------

                         (clock sys_clk rise edge)    0.000     0.000 r  <hidden>
    P15                                               0.000     0.000 r  clk
                         net (fo=0)                   0.000     0.000    clk
    P15                  IBUF (Prop_ibuf_I_O)         0.817     0.817 r  clk_IBUF_inst/O
                         net (fo=1, routed)           1.862     2.679    clk_IBUF
    BUFGCTRL_X0Y0        BUFG (Prop_bufg_I_O)         0.091     2.770 r  clk_IBUF_BUFG_inst/O
                         net (fo=14, routed)          1.510     4.281    clk_IBUF_BUFG
    SLICE_X0Y8           FDCE                                         r  b_reg_reg[2]/C

Slack:                    inf
  Source:                 rst
                            (input port)
  Destination:            op_reg_reg[0]/CLR
                            (recovery check against rising-edge clock sys_clk  {rise@0.000ns fall@5.000ns period=10.000ns})
  Path Group:             (none)
  Path Type:              Recovery (Max at Slow Process Corner)
  Data Path Delay:        2.156ns  (logic 0.951ns (44.096%)  route 1.206ns (55.904%))
  Logic Levels:           1  (IBUF=1)
  Clock Path Skew:        4.281ns (DCD - SCD + CPR)
    Destination Clock Delay (DCD):    4.281ns
    Source Clock Delay      (SCD):    0.000ns
    Clock Pessimism Removal (CPR):    0.000ns
  Clock Uncertainty:      0.025ns  ((TSJ^2 + TIJ^2)^1/2 + DJ) / 2 + PE
    Total System Jitter     (TSJ):    0.050ns
    Total Input Jitter      (TIJ):    0.000ns
    Discrete Jitter          (DJ):    0.000ns
    Phase Error              (PE):    0.000ns

    Location             Delay type                Incr(ns)  Path(ns)    Netlist Resource(s)
  -------------------------------------------------------------------    -------------------
    T13                                               0.000     0.000 f  rst
                         net (fo=0)                   0.000     0.000    rst
    T13                  IBUF (Prop_ibuf_I_O)         0.951     0.951 f  rst_IBUF_inst/O
                         net (fo=14, routed)          1.206     2.156    rst_IBUF
    SLICE_X0Y8           FDCE                                         f  op_reg_reg[0]/CLR
  -------------------------------------------------------------------    -------------------

                         (clock sys_clk rise edge)    0.000     0.000 r  <hidden>
    P15                                               0.000     0.000 r  clk
                         net (fo=0)                   0.000     0.000    clk
    P15                  IBUF (Prop_ibuf_I_O)         0.817     0.817 r  clk_IBUF_inst/O
                         net (fo=1, routed)           1.862     2.679    clk_IBUF
    BUFGCTRL_X0Y0        BUFG (Prop_bufg_I_O)         0.091     2.770 r  clk_IBUF_BUFG_inst/O
                         net (fo=14, routed)          1.510     4.281    clk_IBUF_BUFG
    SLICE_X0Y8           FDCE                                         r  op_reg_reg[0]/C

Slack:                    inf
  Source:                 rst
                            (input port)
  Destination:            result_reg_reg[0]/CLR
                            (recovery check against rising-edge clock sys_clk  {rise@0.000ns fall@5.000ns period=10.000ns})
  Path Group:             (none)
  Path Type:              Recovery (Max at Slow Process Corner)
  Data Path Delay:        2.156ns  (logic 0.951ns (44.096%)  route 1.206ns (55.904%))
  Logic Levels:           1  (IBUF=1)
  Clock Path Skew:        4.281ns (DCD - SCD + CPR)
    Destination Clock Delay (DCD):    4.281ns
    Source Clock Delay      (SCD):    0.000ns
    Clock Pessimism Removal (CPR):    0.000ns
  Clock Uncertainty:      0.025ns  ((TSJ^2 + TIJ^2)^1/2 + DJ) / 2 + PE
    Total System Jitter     (TSJ):    0.050ns
    Total Input Jitter      (TIJ):    0.000ns
    Discrete Jitter          (DJ):    0.000ns
    Phase Error              (PE):    0.000ns

    Location             Delay type                Incr(ns)  Path(ns)    Netlist Resource(s)
  -------------------------------------------------------------------    -------------------
    T13                                               0.000     0.000 f  rst
                         net (fo=0)                   0.000     0.000    rst
    T13                  IBUF (Prop_ibuf_I_O)         0.951     0.951 f  rst_IBUF_inst/O
                         net (fo=14, routed)          1.206     2.156    rst_IBUF
    SLICE_X0Y8           FDCE                                         f  result_reg_reg[0]/CLR
  -------------------------------------------------------------------    -------------------

                         (clock sys_clk rise edge)    0.000     0.000 r  <hidden>
    P15                                               0.000     0.000 r  clk
                         net (fo=0)                   0.000     0.000    clk
    P15                  IBUF (Prop_ibuf_I_O)         0.817     0.817 r  clk_IBUF_inst/O
                         net (fo=1, routed)           1.862     2.679    clk_IBUF
    BUFGCTRL_X0Y0        BUFG (Prop_bufg_I_O)         0.091     2.770 r  clk_IBUF_BUFG_inst/O
                         net (fo=14, routed)          1.510     4.281    clk_IBUF_BUFG
    SLICE_X0Y8           FDCE                                         r  result_reg_reg[0]/C

Slack:                    inf
  Source:                 rst
                            (input port)
  Destination:            result_reg_reg[2]/CLR
                            (recovery check against rising-edge clock sys_clk  {rise@0.000ns fall@5.000ns period=10.000ns})
  Path Group:             (none)
  Path Type:              Recovery (Max at Slow Process Corner)
  Data Path Delay:        2.156ns  (logic 0.951ns (44.096%)  route 1.206ns (55.904%))
  Logic Levels:           1  (IBUF=1)
  Clock Path Skew:        4.281ns (DCD - SCD + CPR)
    Destination Clock Delay (DCD):    4.281ns
    Source Clock Delay      (SCD):    0.000ns
    Clock Pessimism Removal (CPR):    0.000ns
  Clock Uncertainty:      0.025ns  ((TSJ^2 + TIJ^2)^1/2 + DJ) / 2 + PE
    Total System Jitter     (TSJ):    0.050ns
    Total Input Jitter      (TIJ):    0.000ns
    Discrete Jitter          (DJ):    0.000ns
    Phase Error              (PE):    0.000ns

    Location             Delay type                Incr(ns)  Path(ns)    Netlist Resource(s)
  -------------------------------------------------------------------    -------------------
    T13                                               0.000     0.000 f  rst
                         net (fo=0)                   0.000     0.000    rst
    T13                  IBUF (Prop_ibuf_I_O)         0.951     0.951 f  rst_IBUF_inst/O
                         net (fo=14, routed)          1.206     2.156    rst_IBUF
    SLICE_X0Y8           FDCE                                         f  result_reg_reg[2]/CLR
  -------------------------------------------------------------------    -------------------

                         (clock sys_clk rise edge)    0.000     0.000 r  <hidden>
    P15                                               0.000     0.000 r  clk
                         net (fo=0)                   0.000     0.000    clk
    P15                  IBUF (Prop_ibuf_I_O)         0.817     0.817 r  clk_IBUF_inst/O
                         net (fo=1, routed)           1.862     2.679    clk_IBUF
    BUFGCTRL_X0Y0        BUFG (Prop_bufg_I_O)         0.091     2.770 r  clk_IBUF_BUFG_inst/O
                         net (fo=14, routed)          1.510     4.281    clk_IBUF_BUFG
    SLICE_X0Y8           FDCE                                         r  result_reg_reg[2]/C

Slack:                    inf
  Source:                 rst
                            (input port)
  Destination:            a_reg_reg[1]/CLR
                            (recovery check against rising-edge clock sys_clk  {rise@0.000ns fall@5.000ns period=10.000ns})
  Path Group:             (none)
  Path Type:              Recovery (Max at Slow Process Corner)
  Data Path Delay:        2.152ns  (logic 0.951ns (44.186%)  route 1.201ns (55.814%))
  Logic Levels:           1  (IBUF=1)
  Clock Path Skew:        4.281ns (DCD - SCD + CPR)
    Destination Clock Delay (DCD):    4.281ns
    Source Clock Delay      (SCD):    0.000ns
    Clock Pessimism Removal (CPR):    0.000ns
  Clock Uncertainty:      0.025ns  ((TSJ^2 + TIJ^2)^1/2 + DJ) / 2 + PE
    Total System Jitter     (TSJ):    0.050ns
    Total Input Jitter      (TIJ):    0.000ns
    Discrete Jitter          (DJ):    0.000ns
    Phase Error              (PE):    0.000ns

    Location             Delay type                Incr(ns)  Path(ns)    Netlist Resource(s)
  -------------------------------------------------------------------    -------------------
    T13                                               0.000     0.000 f  rst
                         net (fo=0)                   0.000     0.000    rst
    T13                  IBUF (Prop_ibuf_I_O)         0.951     0.951 f  rst_IBUF_inst/O
                         net (fo=14, routed)          1.201     2.152    rst_IBUF
    SLICE_X1Y8           FDCE                                         f  a_reg_reg[1]/CLR
  -------------------------------------------------------------------    -------------------

                         (clock sys_clk rise edge)    0.000     0.000 r  <hidden>
    P15                                               0.000     0.000 r  clk
                         net (fo=0)                   0.000     0.000    clk
    P15                  IBUF (Prop_ibuf_I_O)         0.817     0.817 r  clk_IBUF_inst/O
                         net (fo=1, routed)           1.862     2.679    clk_IBUF
    BUFGCTRL_X0Y0        BUFG (Prop_bufg_I_O)         0.091     2.770 r  clk_IBUF_BUFG_inst/O
                         net (fo=14, routed)          1.510     4.281    clk_IBUF_BUFG
    SLICE_X1Y8           FDCE                                         r  a_reg_reg[1]/C





Min Delay Paths
--------------------------------------------------------------------------------------
Slack:                    inf
  Source:                 b[3]
                            (input port)
  Destination:            b_reg_reg[3]/D
                            (rising edge-triggered cell FDCE clocked by sys_clk  {rise@0.000ns fall@5.000ns period=10.000ns})
  Path Group:             (none)
  Path Type:              Hold (Min at Fast Process Corner)
  Data Path Delay:        0.491ns  (logic 0.191ns (38.945%)  route 0.300ns (61.055%))
  Logic Levels:           1  (IBUF=1)
  Clock Path Skew:        1.943ns (DCD - SCD - CPR)
    Destination Clock Delay (DCD):    1.943ns
    Source Clock Delay      (SCD):    0.000ns
    Clock Pessimism Removal (CPR):    -0.000ns

    Location             Delay type                Incr(ns)  Path(ns)    Netlist Resource(s)
  -------------------------------------------------------------------    -------------------
    V13                                               0.000     0.000 r  b[3]
                         net (fo=0)                   0.000     0.000    b[3]
    V13                  IBUF (Prop_ibuf_I_O)         0.191     0.191 r  b_IBUF[3]_inst/O
                         net (fo=1, routed)           0.300     0.491    b_IBUF[3]
    SLICE_X0Y7           FDCE                                         r  b_reg_reg[3]/D
  -------------------------------------------------------------------    -------------------

                         (clock sys_clk rise edge)    0.000     0.000 r  <hidden>
    P15                                               0.000     0.000 r  clk
                         net (fo=0)                   0.000     0.000    clk
    P15                  IBUF (Prop_ibuf_I_O)         0.369     0.369 r  clk_IBUF_inst/O
                         net (fo=1, routed)           0.685     1.053    clk_IBUF
    BUFGCTRL_X0Y0        BUFG (Prop_bufg_I_O)         0.029     1.082 r  clk_IBUF_BUFG_inst/O
                         net (fo=14, routed)          0.861     1.943    clk_IBUF_BUFG
    SLICE_X0Y7           FDCE                                         r  b_reg_reg[3]/C

Slack:                    inf
  Source:                 op[0]
                            (input port)
  Destination:            op_reg_reg[0]/D
                            (rising edge-triggered cell FDCE clocked by sys_clk  {rise@0.000ns fall@5.000ns period=10.000ns})
  Path Group:             (none)
  Path Type:              Hold (Min at Fast Process Corner)
  Data Path Delay:        0.529ns  (logic 0.194ns (36.600%)  route 0.336ns (63.400%))
  Logic Levels:           1  (IBUF=1)
  Clock Path Skew:        1.943ns (DCD - SCD - CPR)
    Destination Clock Delay (DCD):    1.943ns
    Source Clock Delay      (SCD):    0.000ns
    Clock Pessimism Removal (CPR):    -0.000ns

    Location             Delay type                Incr(ns)  Path(ns)    Netlist Resource(s)
  -------------------------------------------------------------------    -------------------
    V12                                               0.000     0.000 r  op[0]
                         net (fo=0)                   0.000     0.000    op[0]
    V12                  IBUF (Prop_ibuf_I_O)         0.194     0.194 r  op_IBUF[0]_inst/O
                         net (fo=1, routed)           0.336     0.529    op_IBUF[0]
    SLICE_X0Y8           FDCE                                         r  op_reg_reg[0]/D
  -------------------------------------------------------------------    -------------------

                         (clock sys_clk rise edge)    0.000     0.000 r  <hidden>
    P15                                               0.000     0.000 r  clk
                         net (fo=0)                   0.000     0.000    clk
    P15                  IBUF (Prop_ibuf_I_O)         0.369     0.369 r  clk_IBUF_inst/O
                         net (fo=1, routed)           0.685     1.053    clk_IBUF
    BUFGCTRL_X0Y0        BUFG (Prop_bufg_I_O)         0.029     1.082 r  clk_IBUF_BUFG_inst/O
                         net (fo=14, routed)          0.861     1.943    clk_IBUF_BUFG
    SLICE_X0Y8           FDCE                                         r  op_reg_reg[0]/C

Slack:                    inf
  Source:                 op[1]
                            (input port)
  Destination:            op_reg_reg[1]/D
                            (rising edge-triggered cell FDCE clocked by sys_clk  {rise@0.000ns fall@5.000ns period=10.000ns})
  Path Group:             (none)
  Path Type:              Hold (Min at Fast Process Corner)
  Data Path Delay:        0.533ns  (logic 0.190ns (35.632%)  route 0.343ns (64.368%))
  Logic Levels:           1  (IBUF=1)
  Clock Path Skew:        1.943ns (DCD - SCD - CPR)
    Destination Clock Delay (DCD):    1.943ns
    Source Clock Delay      (SCD):    0.000ns
    Clock Pessimism Removal (CPR):    -0.000ns

    Location             Delay type                Incr(ns)  Path(ns)    Netlist Resource(s)
  -------------------------------------------------------------------    -------------------
    V14                                               0.000     0.000 r  op[1]
                         net (fo=0)                   0.000     0.000    op[1]
    V14                  IBUF (Prop_ibuf_I_O)         0.190     0.190 r  op_IBUF[1]_inst/O
                         net (fo=1, routed)           0.343     0.533    op_IBUF[1]
    SLICE_X1Y8           FDCE                                         r  op_reg_reg[1]/D
  -------------------------------------------------------------------    -------------------

                         (clock sys_clk rise edge)    0.000     0.000 r  <hidden>
    P15                                               0.000     0.000 r  clk
                         net (fo=0)                   0.000     0.000    clk
    P15                  IBUF (Prop_ibuf_I_O)         0.369     0.369 r  clk_IBUF_inst/O
                         net (fo=1, routed)           0.685     1.053    clk_IBUF
    BUFGCTRL_X0Y0        BUFG (Prop_bufg_I_O)         0.029     1.082 r  clk_IBUF_BUFG_inst/O
                         net (fo=14, routed)          0.861     1.943    clk_IBUF_BUFG
    SLICE_X1Y8           FDCE                                         r  op_reg_reg[1]/C

Slack:                    inf
  Source:                 b[2]
                            (input port)
  Destination:            b_reg_reg[2]/D
                            (rising edge-triggered cell FDCE clocked by sys_clk  {rise@0.000ns fall@5.000ns period=10.000ns})
  Path Group:             (none)
  Path Type:              Hold (Min at Fast Process Corner)
  Data Path Delay:        0.590ns  (logic 0.182ns (30.903%)  route 0.408ns (69.097%))
  Logic Levels:           1  (IBUF=1)
  Clock Path Skew:        1.943ns (DCD - SCD - CPR)
    Destination Clock Delay (DCD):    1.943ns
    Source Clock Delay      (SCD):    0.000ns
    Clock Pessimism Removal (CPR):    -0.000ns

    Location             Delay type                Incr(ns)  Path(ns)    Netlist Resource(s)
  -------------------------------------------------------------------    -------------------
    T12                                               0.000     0.000 r  b[2]
                         net (fo=0)                   0.000     0.000    b[2]
    T12                  IBUF (Prop_ibuf_I_O)         0.182     0.182 r  b_IBUF[2]_inst/O
                         net (fo=1, routed)           0.408     0.590    b_IBUF[2]
    SLICE_X0Y8           FDCE                                         r  b_reg_reg[2]/D
  -------------------------------------------------------------------    -------------------

                         (clock sys_clk rise edge)    0.000     0.000 r  <hidden>
    P15                                               0.000     0.000 r  clk
                         net (fo=0)                   0.000     0.000    clk
    P15                  IBUF (Prop_ibuf_I_O)         0.369     0.369 r  clk_IBUF_inst/O
                         net (fo=1, routed)           0.685     1.053    clk_IBUF
    BUFGCTRL_X0Y0        BUFG (Prop_bufg_I_O)         0.029     1.082 r  clk_IBUF_BUFG_inst/O
                         net (fo=14, routed)          0.861     1.943    clk_IBUF_BUFG
    SLICE_X0Y8           FDCE                                         r  b_reg_reg[2]/C

Slack:                    inf
  Source:                 a[3]
                            (input port)
  Destination:            a_reg_reg[3]/D
                            (rising edge-triggered cell FDCE clocked by sys_clk  {rise@0.000ns fall@5.000ns period=10.000ns})
  Path Group:             (none)
  Path Type:              Hold (Min at Fast Process Corner)
  Data Path Delay:        0.610ns  (logic 0.187ns (30.711%)  route 0.423ns (69.289%))
  Logic Levels:           1  (IBUF=1)
  Clock Path Skew:        1.943ns (DCD - SCD - CPR)
    Destination Clock Delay (DCD):    1.943ns
    Source Clock Delay      (SCD):    0.000ns
    Clock Pessimism Removal (CPR):    -0.000ns

    Location             Delay type                Incr(ns)  Path(ns)    Netlist Resource(s)
  -------------------------------------------------------------------    -------------------
    V11                                               0.000     0.000 r  a[3]
                         net (fo=0)                   0.000     0.000    a[3]
    V11                  IBUF (Prop_ibuf_I_O)         0.187     0.187 r  a_IBUF[3]_inst/O
                         net (fo=1, routed)           0.423     0.610    a_IBUF[3]
    SLICE_X1Y8           FDCE                                         r  a_reg_reg[3]/D
  -------------------------------------------------------------------    -------------------

                         (clock sys_clk rise edge)    0.000     0.000 r  <hidden>
    P15                                               0.000     0.000 r  clk
                         net (fo=0)                   0.000     0.000    clk
    P15                  IBUF (Prop_ibuf_I_O)         0.369     0.369 r  clk_IBUF_inst/O
                         net (fo=1, routed)           0.685     1.053    clk_IBUF
    BUFGCTRL_X0Y0        BUFG (Prop_bufg_I_O)         0.029     1.082 r  clk_IBUF_BUFG_inst/O
                         net (fo=14, routed)          0.861     1.943    clk_IBUF_BUFG
    SLICE_X1Y8           FDCE                                         r  a_reg_reg[3]/C

Slack:                    inf
  Source:                 a[0]
                            (input port)
  Destination:            a_reg_reg[0]/D
                            (rising edge-triggered cell FDCE clocked by sys_clk  {rise@0.000ns fall@5.000ns period=10.000ns})
  Path Group:             (none)
  Path Type:              Hold (Min at Fast Process Corner)
  Data Path Delay:        0.620ns  (logic 0.178ns (28.706%)  route 0.442ns (71.294%))
  Logic Levels:           1  (IBUF=1)
  Clock Path Skew:        1.943ns (DCD - SCD - CPR)
    Destination Clock Delay (DCD):    1.943ns
    Source Clock Delay      (SCD):    0.000ns
    Clock Pessimism Removal (CPR):    -0.000ns

    Location             Delay type                Incr(ns)  Path(ns)    Netlist Resource(s)
  -------------------------------------------------------------------    -------------------
    U10                                               0.000     0.000 r  a[0]
                         net (fo=0)                   0.000     0.000    a[0]
    U10                  IBUF (Prop_ibuf_I_O)         0.178     0.178 r  a_IBUF[0]_inst/O
                         net (fo=1, routed)           0.442     0.620    a_IBUF[0]
    SLICE_X0Y8           FDCE                                         r  a_reg_reg[0]/D
  -------------------------------------------------------------------    -------------------

                         (clock sys_clk rise edge)    0.000     0.000 r  <hidden>
    P15                                               0.000     0.000 r  clk
                         net (fo=0)                   0.000     0.000    clk
    P15                  IBUF (Prop_ibuf_I_O)         0.369     0.369 r  clk_IBUF_inst/O
                         net (fo=1, routed)           0.685     1.053    clk_IBUF
    BUFGCTRL_X0Y0        BUFG (Prop_bufg_I_O)         0.029     1.082 r  clk_IBUF_BUFG_inst/O
                         net (fo=14, routed)          0.861     1.943    clk_IBUF_BUFG
    SLICE_X0Y8           FDCE                                         r  a_reg_reg[0]/C

Slack:                    inf
  Source:                 b[1]
                            (input port)
  Destination:            b_reg_reg[1]/D
                            (rising edge-triggered cell FDCE clocked by sys_clk  {rise@0.000ns fall@5.000ns period=10.000ns})
  Path Group:             (none)
  Path Type:              Hold (Min at Fast Process Corner)
  Data Path Delay:        0.622ns  (logic 0.183ns (29.375%)  route 0.439ns (70.625%))
  Logic Levels:           1  (IBUF=1)
  Clock Path Skew:        1.943ns (DCD - SCD - CPR)
    Destination Clock Delay (DCD):    1.943ns
    Source Clock Delay      (SCD):    0.000ns
    Clock Pessimism Removal (CPR):    -0.000ns

    Location             Delay type                Incr(ns)  Path(ns)    Netlist Resource(s)
  -------------------------------------------------------------------    -------------------
    U12                                               0.000     0.000 r  b[1]
                         net (fo=0)                   0.000     0.000    b[1]
    U12                  IBUF (Prop_ibuf_I_O)         0.183     0.183 r  b_IBUF[1]_inst/O
                         net (fo=1, routed)           0.439     0.622    b_IBUF[1]
    SLICE_X1Y8           FDCE                                         r  b_reg_reg[1]/D
  -------------------------------------------------------------------    -------------------

                         (clock sys_clk rise edge)    0.000     0.000 r  <hidden>
    P15                                               0.000     0.000 r  clk
                         net (fo=0)                   0.000     0.000    clk
    P15                  IBUF (Prop_ibuf_I_O)         0.369     0.369 r  clk_IBUF_inst/O
                         net (fo=1, routed)           0.685     1.053    clk_IBUF
    BUFGCTRL_X0Y0        BUFG (Prop_bufg_I_O)         0.029     1.082 r  clk_IBUF_BUFG_inst/O
                         net (fo=14, routed)          0.861     1.943    clk_IBUF_BUFG
    SLICE_X1Y8           FDCE                                         r  b_reg_reg[1]/C

Slack:                    inf
  Source:                 a[2]
                            (input port)
  Destination:            a_reg_reg[2]/D
                            (rising edge-triggered cell FDCE clocked by sys_clk  {rise@0.000ns fall@5.000ns period=10.000ns})
  Path Group:             (none)
  Path Type:              Hold (Min at Fast Process Corner)
  Data Path Delay:        0.638ns  (logic 0.206ns (32.342%)  route 0.432ns (67.658%))
  Logic Levels:           1  (IBUF=1)
  Clock Path Skew:        1.943ns (DCD - SCD - CPR)
    Destination Clock Delay (DCD):    1.943ns
    Source Clock Delay      (SCD):    0.000ns
    Clock Pessimism Removal (CPR):    -0.000ns

    Location             Delay type                Incr(ns)  Path(ns)    Netlist Resource(s)
  -------------------------------------------------------------------    -------------------
    U9                                                0.000     0.000 r  a[2]
                         net (fo=0)                   0.000     0.000    a[2]
    U9                   IBUF (Prop_ibuf_I_O)         0.206     0.206 r  a_IBUF[2]_inst/O
                         net (fo=1, routed)           0.432     0.638    a_IBUF[2]
    SLICE_X0Y8           FDCE                                         r  a_reg_reg[2]/D
  -------------------------------------------------------------------    -------------------

                         (clock sys_clk rise edge)    0.000     0.000 r  <hidden>
    P15                                               0.000     0.000 r  clk
                         net (fo=0)                   0.000     0.000    clk
    P15                  IBUF (Prop_ibuf_I_O)         0.369     0.369 r  clk_IBUF_inst/O
                         net (fo=1, routed)           0.685     1.053    clk_IBUF
    BUFGCTRL_X0Y0        BUFG (Prop_bufg_I_O)         0.029     1.082 r  clk_IBUF_BUFG_inst/O
                         net (fo=14, routed)          0.861     1.943    clk_IBUF_BUFG
    SLICE_X0Y8           FDCE                                         r  a_reg_reg[2]/C

Slack:                    inf
  Source:                 a[1]
                            (input port)
  Destination:            a_reg_reg[1]/D
                            (rising edge-triggered cell FDCE clocked by sys_clk  {rise@0.000ns fall@5.000ns period=10.000ns})
  Path Group:             (none)
  Path Type:              Hold (Min at Fast Process Corner)
  Data Path Delay:        0.639ns  (logic 0.208ns (32.551%)  route 0.431ns (67.449%))
  Logic Levels:           1  (IBUF=1)
  Clock Path Skew:        1.943ns (DCD - SCD - CPR)
    Destination Clock Delay (DCD):    1.943ns
    Source Clock Delay      (SCD):    0.000ns
    Clock Pessimism Removal (CPR):    -0.000ns

    Location             Delay type                Incr(ns)  Path(ns)    Netlist Resource(s)
  -------------------------------------------------------------------    -------------------
    V9                                                0.000     0.000 r  a[1]
                         net (fo=0)                   0.000     0.000    a[1]
    V9                   IBUF (Prop_ibuf_I_O)         0.208     0.208 r  a_IBUF[1]_inst/O
                         net (fo=1, routed)           0.431     0.639    a_IBUF[1]
    SLICE_X1Y8           FDCE                                         r  a_reg_reg[1]/D
  -------------------------------------------------------------------    -------------------

                         (clock sys_clk rise edge)    0.000     0.000 r  <hidden>
    P15                                               0.000     0.000 r  clk
                         net (fo=0)                   0.000     0.000    clk
    P15                  IBUF (Prop_ibuf_I_O)         0.369     0.369 r  clk_IBUF_inst/O
                         net (fo=1, routed)           0.685     1.053    clk_IBUF
    BUFGCTRL_X0Y0        BUFG (Prop_bufg_I_O)         0.029     1.082 r  clk_IBUF_BUFG_inst/O
                         net (fo=14, routed)          0.861     1.943    clk_IBUF_BUFG
    SLICE_X1Y8           FDCE                                         r  a_reg_reg[1]/C

Slack:                    inf
  Source:                 b[0]
                            (input port)
  Destination:            b_reg_reg[0]/D
                            (rising edge-triggered cell FDCE clocked by sys_clk  {rise@0.000ns fall@5.000ns period=10.000ns})
  Path Group:             (none)
  Path Type:              Hold (Min at Fast Process Corner)
  Data Path Delay:        0.660ns  (logic 0.184ns (27.893%)  route 0.476ns (72.107%))
  Logic Levels:           1  (IBUF=1)
  Clock Path Skew:        1.943ns (DCD - SCD - CPR)
    Destination Clock Delay (DCD):    1.943ns
    Source Clock Delay      (SCD):    0.000ns
    Clock Pessimism Removal (CPR):    -0.000ns

    Location             Delay type                Incr(ns)  Path(ns)    Netlist Resource(s)
  -------------------------------------------------------------------    -------------------
    U11                                               0.000     0.000 r  b[0]
                         net (fo=0)                   0.000     0.000    b[0]
    U11                  IBUF (Prop_ibuf_I_O)         0.184     0.184 r  b_IBUF[0]_inst/O
                         net (fo=1, routed)           0.476     0.660    b_IBUF[0]
    SLICE_X0Y8           FDCE                                         r  b_reg_reg[0]/D
  -------------------------------------------------------------------    -------------------

                         (clock sys_clk rise edge)    0.000     0.000 r  <hidden>
    P15                                               0.000     0.000 r  clk
                         net (fo=0)                   0.000     0.000    clk
    P15                  IBUF (Prop_ibuf_I_O)         0.369     0.369 r  clk_IBUF_inst/O
                         net (fo=1, routed)           0.685     1.053    clk_IBUF
    BUFGCTRL_X0Y0        BUFG (Prop_bufg_I_O)         0.029     1.082 r  clk_IBUF_BUFG_inst/O
                         net (fo=14, routed)          0.861     1.943    clk_IBUF_BUFG
    SLICE_X0Y8           FDCE                                         r  b_reg_reg[0]/C





